path,sha256,bytes
.nojekyll,e3b0c44298fc1c149afbf4c8996fb92427ae41e4649b934ca495991b7852b855,0
404.html,3347ae690d77b5874aace0a9d32541b5de4c2bd845e67114d1af024e0e2ad5df,2565
assets/audio/battle/Dodge.mp3,e07d8c4a9e1140a4de47336fa7c9710877108f5250cd6dd24f31365200d125ff,96000
assets/audio/battle/Heal.mp3,cc1b799d0a163ac839956b0790b9718bffa2e7f17c6dd6c020afc6c3a3745e96,55380
assets/audio/battle/M.Atk.mp3,f5135d95c80dcfedf5970448a31bf3d6e833627a1824dee0c4cb092d0ee0f24b,33600
assets/audio/battle/M.Def.mp3,9fdb77b5bdcd389d555d267ed24f90164b6fe57b534cf2af5476025e0cdeff18,63744
assets/audio/battle/P.Atk.mp3,c8a321eff1e55b56a14cfaf2e68db65eb785ccaee60b4ccd0d06936e18027735,60672
assets/audio/battle/P.Def.mp3,f1b760212636c96bb891d27d0fe54b163072a9edc45a6293d5c26be95d556c99,29257
assets/audio/Card Sound.mp3,1c04e41918b392a643c22d6c02ef34eeab0341c70d46b7d517078725b79d8ee4,30929
assets/audio/Coin Flip.mp3,b4842f9a3f2d25004223313f5473bef74afd79915b6af9bdb35c70f6df8c2b50,17280
assets/Background.png,03bd71e201ddad36c9d044b00ded9589eb0e8054a9324aacb68f3668584d2df5,2333666
assets/battle/Blade.png,babb68059849ea7cb9aedbe0b30cb0bdf0198ae54bebe7fef582c065578b8849,89243
assets/battle/Heal.png,5ab9da2f756f10083a169d541cbd8e2c4f475b083db5215ee3265a07fc224370,743085
assets/battle/M.Attack.png,7abb2701ab9315b495f068eb2a0d9d92219c72defb34e30060dabeb5695299d6,1213683
assets/battle/M.Defense.png,a7a33723dcdde086393012dd2228266e22b7f091a6aea0fe889256605375144a,1703111
assets/battle/P.Attack.png,b9a56d15c39d75d0f4953afd1121cf4a60d517601b95bfe3f090ff2152848646,1031738
assets/battle/P.Defense.png,56ca1ed4f5c3a8550aecd0f00b3b24c11d543b0b9789979f7b8bbca2d4691afe,1055127
assets/cards/thumbs/S1-ARC-001.webp,f7e43cfaeb1cb24e2ace4a8bb4ca5cb0ce56355d7008765d5b4de704ed8cb4ac,67518
assets/cards/thumbs/S1-ARC-002.webp,e2ba27417aee31c8c79da1c82961bfe671872194d5eeed8fb0ef89d791b8ab8d,61884
assets/cards/thumbs/S1-ARC-003.webp,df4b133a5efc6fcd5c83c14a0b86f7f868a8e2c62691096198378402bfab52d2,72538
assets/cards/thumbs/S1-ARC-004.webp,49e28a5e831e64daf6355ba2358276377e472b3db79dafec846aef855f72d1a7,65990
assets/cards/thumbs/S1-ARC-005.webp,2e565b51ee0d47530abb0bec579fd4e876559c5d3f20fd81914fb2075f58b86d,62906
assets/cards/thumbs/S1-ARC-006.webp,9091491a903f75c4e290bcde089f531984f1ecce7e6081825eace399035a6805,64008
assets/cards/thumbs/S1-ARC-007.webp,f7c9dcb98a248a57537c5f060f3f0978529c40fa1c335e21009df71907cebead,68062
assets/cards/thumbs/S1-ARC-008.webp,84643a4a2f4d85cdd27c599e0e60de2eca796eb4495d8a32ab41c791e9ebdbcf,71056
assets/cards/thumbs/S1-ARC-009.webp,1fbd63941527a2031ba2f744b5c27472f62a7100b95beb09835ab36323f29231,67324
assets/cards/thumbs/S1-ARC-010.webp,7f5fda08bc0be8b369899e364de2b55be6960737d53ee9d5817167e4b1124fb7,67710
assets/cards/thumbs/S1-ARC-011.webp,7b9f0464f208ecad6fe3889006cf4d9fb8407b91f8a128186ae6d100c9e68fd9,70354
assets/cards/thumbs/S1-ARC-012.webp,bb565f330cf4a9e496a97f998d5aa149f72df656cc392afcb006026f80c6d068,70074
assets/cards/thumbs/S1-ARC-013.webp,e234e53b2bcfb589e891bf1d31fb8d7b4aa94711851bb60b18623efbf15e3b44,68548
assets/cards/thumbs/S1-ARC-014.webp,c9a7db78c14becbd1aeb6e52d023c3c51b0faa6cdaebd592d4ea8217c02f9383,71812
assets/cards/thumbs/S1-ARC-015.webp,01967879ab482a73bac9489f6af5a859b17b512f961921078eec6d002d8f899c,71370
assets/cards/thumbs/S1-ARC-016.webp,7b9a965d6c938b5cc597fb989c114919ee53ea09e958e15bae217633f6ee93a4,76346
assets/cards/thumbs/S1-ARC-017.webp,fe29f030d05e8fceeae37426b997ca1ac9ad87235bb8efd54b0763a944856c1d,74234
assets/cards/thumbs/S1-ARC-018.webp,d8692cbeb9a6b95607ed9c745095f364c63dbfde22e51dee11175fd4c7a192c6,82800
assets/cards/thumbs/S1-ARC-019.webp,66e78c148eed85af5d86e4d79d8c54397d193c0c363b4f82616ef1664ec5c87e,63944
assets/cards/thumbs/S1-ARC-020.webp,da4588c0cc5f99ace6a59a4498a534fb3a4686446419cda6d9f75b19f15d6a5e,70728
assets/cards/thumbs/S1-ARC-021.webp,ad9318d2afc973f7b05ca3e32b52f99064fb06a173515e4359ed3d4d8fd91e32,72262
assets/cards/thumbs/S1-ARC-022.webp,3d4159c938c919d65fcb79e76c3c8da6f17bc55c236513dbabb342fd3552ed1c,67346
assets/cards/thumbs/S1-ARC-023.webp,cc531950a87f8d68de250c24209977b4f5256cb49cfd305d82f3ac1b26fbdee3,73454
assets/cards/thumbs/S1-ARC-024.webp,577d57a2810e841ad48b3e2ab116df4ddbca6c51fcf1aa9f39796e85bf6d1bdb,86346
assets/cards/thumbs/S1-ARC-H001.webp,3fda8979176906f1ba0e91d025e68217d093cd31537074df6e6778def7b248f4,72946
assets/cards/thumbs/S1-ARC-H002.webp,49ecf2fd2f825c6dd761e02b772b1c0cc8ce026c811aecf26c3e4ab7f7b6a124,76434
assets/cards/thumbs/S1-ARC-H003.webp,8c5b1cd30032e689d7478792f091f76ae15f08946c9bc5643d263f68e16f3f86,87366
assets/cards/thumbs/S1-ARC-H004.webp,ef32345e3681f19e32bef9ad0195e643498fb5d297d98d55d4870f0a2806f425,76420
assets/cards/thumbs/S1-ARC-H005.webp,a3588e80dfdb946f6d3e2774ba31ae59a466442901e97df625ed4d135150d39a,87534
assets/cards/thumbs/S1-ARC-H006.webp,8eff4a6bf36c575518fc6ef734abb9ff421fd0ed503606035f10d6bffa069523,93884
assets/cards/thumbs/S1-ARC-L001.webp,44cc509b10ef696e5b96f93dced13f638c3bd376939622dea40067cda3d21113,70778
assets/cards/thumbs/S1-ARC-L002.webp,91408b089f405510792098487d5ebe9997b529639bf2c3cd0f2c2a348db9c287,68802
assets/cards/thumbs/S1-CLE-001.webp,bfb3a159caf9da589a79da6428b553a9dd9faed695a0d009e53f1840c8d23b2e,54900
assets/cards/thumbs/S1-CLE-002.webp,9415ddd8dd81665c3078155914ac6fa0ca957aaf9789f910193157b6137d7eee,61274
assets/cards/thumbs/S1-CLE-003.webp,051440d64d0c647e05e8a4fd874eca1d8d61d2d74f8f47c2a726990237bf1f09,67986
assets/cards/thumbs/S1-CLE-004.webp,a293b48fa6ea07f16a3a13da0dc0f9da401ea22a6bc2100ea1adec525aa70a83,66888
assets/cards/thumbs/S1-CLE-005.webp,9e68726e16f33295069a84cbfb5f24ed2c47f1f2d3d1ba35d3b3af4b14cf1f25,65064
assets/cards/thumbs/S1-CLE-006.webp,51b96b0ca9bc51ec8f51c2493bf6ca9b56283194ca2caeb538b2f8b706f86c4f,65926
assets/cards/thumbs/S1-CLE-007.webp,3a061e87f66c18ee747b77129d4a6c8d7d2d93c4d4ed47a42cfe5a63f29f6c97,68938
assets/cards/thumbs/S1-CLE-008.webp,38011db9af12a5a999ec8b5688807fc3318da073b22e6a12ccf4cf829ed43169,63814
assets/cards/thumbs/S1-CLE-009.webp,9256d57a533b212d83a68b14fd39634bec5d11f55f4abb6c6be1831b0e149f5b,66632
assets/cards/thumbs/S1-CLE-010.webp,cfa225bc2a516dd3d60e2796dc9eea67bf75845f825ff6915f35185a4c8a023c,68882
assets/cards/thumbs/S1-CLE-011.webp,6c0a5211bdeb849f4af35a3fdd5ddf3692b5fcdaafbef598125dd41fd7ab7c58,68724
assets/cards/thumbs/S1-CLE-012.webp,fdc69298f1ab19e63ad169ca788723325d475b7e0acf7a4a8b5c0715ad8d0e47,67678
assets/cards/thumbs/S1-CLE-013.webp,efcf5a0fffd937049ea0a598a6c025cde07763b7a80c5c4ea29386edaac825b8,63294
assets/cards/thumbs/S1-CLE-014.webp,9cedc0df2e39f6cf0ad993d50b1b7d4a00310b975edbcda26aac2a95f35147f8,66400
assets/cards/thumbs/S1-CLE-015.webp,8780fd71ecb5b53ae5a65763821c90e073b08d663ab9c460c8dc1f377792e924,67976
assets/cards/thumbs/S1-CLE-016.webp,840ac08a28efba0b97d4a081b0a2ac43b8c8271e26e065407aad4106393fb735,64726
assets/cards/thumbs/S1-CLE-017.webp,c09e3546e90cd935e569be9a0b657680786ed8f1ad90305fddff3bad88838bf8,65316
assets/cards/thumbs/S1-CLE-018.webp,5c9531621e2404a18c5174b610f1bb09dfbbeb8115f65c170f9e65102fd17c54,81556
assets/cards/thumbs/S1-CLE-019.webp,ecf680fdfd2579fdbcf9b8a63090da7762d87fa3161e27fe1695b40f83f731db,79086
assets/cards/thumbs/S1-CLE-020.webp,20c20976cdf95451ff300792597fd21af190e6b1be562b0f56884c296d5f831a,63374
assets/cards/thumbs/S1-CLE-021.webp,db7cd9ca1b31265550b76890031d78641400911ee1c0820d4b146a9e8cd23571,68676
assets/cards/thumbs/S1-CLE-022.webp,7340853699f62353c31548a1f2a5aa3fd8414f59c1b56a545d4b4b96b5eff22b,69330
assets/cards/thumbs/S1-CLE-023.webp,d5aa803908881c117b072b111458c9194c1a551396d067b5663d645ae4e511ff,67108
assets/cards/thumbs/S1-CLE-024.webp,22e087945858bac09b740b8141c1b9844029e527110e2ec6f4ae48d16f8cdd52,66356
assets/cards/thumbs/S1-CLE-025.webp,d1c60c5bac9a3301ed745f6693a7e481adbb4f4731aadc27abe80f69debfa707,87742
assets/cards/thumbs/S1-CLE-H001.webp,846cce0d6871d84605861ec2579cb9289977546da07f47daaab9d35e6ba36802,72466
assets/cards/thumbs/S1-CLE-H002.webp,5443dd3d1f285167a6428fdc1a29ad577c8f5224ab7350bf1a4fc4c4f062a40c,80056
assets/cards/thumbs/S1-CLE-H003.webp,1cc1c5e19df05b5b7bca908811b17dfdcccfcbf13109e4e5437ad0bf533c18cc,87032
assets/cards/thumbs/S1-CLE-H004.webp,5a6182c630f21bdbb1d36a432cf45f15da0c23c28a534a2fa703ee0948af5c50,69640
assets/cards/thumbs/S1-CLE-H005.webp,5034b63e34f0df88675b2da292092497f5ecb3b9ee13b87ff5c3122f547cac2c,82086
assets/cards/thumbs/S1-CLE-H006.webp,22048abea6504b576d3eb362ace0cacb48775c8ec06c192b647a486cc66e7e16,88344
assets/cards/thumbs/S1-CLE-L001.webp,17e3ab79c7435836785f85de03b264ef101b82d821f6123eb3a438cad0aa3f99,68778
assets/cards/thumbs/S1-CLE-L002.webp,db974e08ecf89caf3b5603eb8e6a21aa30de32dd58c2fb6293f3c090d586f08f,62540
assets/cards/thumbs/S1-EVT-001.webp,1bed3b6e3664a821205907e3ccb1cf62e1370252f5075ae088d1b1902b1dd1fd,77844
assets/cards/thumbs/S1-EVT-002.webp,a544e5cc9894ad21b37677a29abba2a3c77a98ca3b42abdc8b19e8a4e6c6b0a0,72202
assets/cards/thumbs/S1-EVT-003.webp,e8322aed921e5422bfc235c81c1fb597e9b54a2fc880267466de82b60969f287,73874
assets/cards/thumbs/S1-EVT-004.webp,0e8808739aff97b8b2b06bfaecfe8181ccc988a525672c0fcec87b515c2f6d90,87038
assets/cards/thumbs/S1-EVT-005.webp,47f8c28cfb44a4ccfc5b1c1c3bdda99c4cb3cb67bfb9fa78b4d9407978752871,84758
assets/cards/thumbs/S1-EVT-006.webp,fee43c860dc5ad778fa5396ddf92de844dd6e5c27c7c2eeedad7f1cf4975a4a1,74930
assets/cards/thumbs/S1-EVT-007.webp,aacaddd556b117a9fa0688158dec4b9b2f19bf58be491375e957e2d9d555fe3b,81700
assets/cards/thumbs/S1-EVT-008.webp,dbaa34dd1e8a5cce5ec36a0384b84fbffaac31138c747a88dafd0203aa7ca348,78502
assets/cards/thumbs/S1-EVT-009.webp,e459b7cbe46a382862a7e30d0b133ddd1fb8f0798ee4da72f240ef77050c5b57,87714
assets/cards/thumbs/S1-EVT-010.webp,291c9410bce715e22b010d85cfa839ec6b8dc2df72fd4e0a4452495577497031,80892
assets/cards/thumbs/S1-EVT-011.webp,251d6b9b60548ca0a84b36becb2c6c89af68cfb4a4547d856c519437496061d4,90118
assets/cards/thumbs/S1-EVT-012.webp,54d3dbd4b0dc4bb489bc43ee0fbe2764c8ba6ab3010e8eea57dc6a717ba154b8,84232
assets/cards/thumbs/S1-ITM-001.webp,fa97f1febce39293330b16322b8f251a0ddc83388cb8388deb1d525ebaefed98,58930
assets/cards/thumbs/S1-ITM-002.webp,80060f223ea349204787ab5a702968fbafc9370a5bb1bb1d66ab9858073104de,68398
assets/cards/thumbs/S1-ITM-003.webp,14346c64e938836a878f0d4589fca05a578fb2110ebc0974bc2f63e68570b3b8,65280
assets/cards/thumbs/S1-ITM-004.webp,17cb2a081d824bf6a523bbbf443f8b18b9ef674daeb30ed27a30bdd33f06bd78,59920
assets/cards/thumbs/S1-ITM-005.webp,9e99cd16422810527367f258a9726f4c6b1cfac7df3af7232af42977ac317faf,60658
assets/cards/thumbs/S1-ITM-006.webp,fe835c2812b5eb3357f65791ff728b08648354e6c93b4a07b44adc1ac79ca6c3,68958
assets/cards/thumbs/S1-ITM-007.webp,51f188feb02850e1fa50e7b14b6569136fe0ec2c00adcbeea2a3335ef72d93a9,63834
assets/cards/thumbs/S1-ITM-008.webp,baaff057fb85cf798dd1ac15b9836472fa63b8d267f9f43208a6f5829c7a9b68,70448
assets/cards/thumbs/S1-ITM-009.webp,af2617f01de3d68e7ddcc9a71d50b925c38fe038740825e37b78ca17a2eaa3f6,70054
assets/cards/thumbs/S1-ITM-010.webp,62020b658065bee6d223c175c6883a316e24ae862f048bf884fc55f8af4743ea,66384
assets/cards/thumbs/S1-ITM-011.webp,bd492d1fe553ca74f9f9b328f7fadb74c35539496ef67551a3df6c45eeb4c2ef,64354
assets/cards/thumbs/S1-ITM-012.webp,c213f8ca5a6a5b7deb01da420e10f7b93ad978f6b3f6c1301da099eb0ff260aa,65930
assets/cards/thumbs/S1-ITM-013.webp,f3da1b8a0651ee091b722ce781a9f6f958fad62cb2dea4ad6da4a9eca94810b2,71134
assets/cards/thumbs/S1-ITM-014.webp,2779793b7e0df58461e8a1da5f0b42209e1b9bb869ad887ceb10979ea9963dc5,69168
assets/cards/thumbs/S1-ITM-015.webp,6cd4b2b05e5d8e2b6e4c6e79c3aa77ac58dbf52f14a14856e0efe7587c887aa4,68122
assets/cards/thumbs/S1-ITM-016.webp,8628e8e6a643d808f5ee90f828ea90ed838f368cb350c89879317c4b8c6a3b4e,61138
assets/cards/thumbs/S1-ITM-017.webp,f88be5a90e4252bef9d45300c491ae7969a597545612f0408ccf9ec9808b6397,74296
assets/cards/thumbs/S1-ITM-018.webp,99649abd062d36f8d215bf0dd27c714878b9340abb1d96f50a4bac68b951a476,72408
assets/cards/thumbs/S1-ITM-019.webp,025c28e66bf7add0911435c2e6737c66423f6afd6aaaa0b89aa86c3145bd2193,61596
assets/cards/thumbs/S1-ITM-020.webp,18d99513312e214d8869a3ed14392542b26d7e0164032b07aafac73bf3d72f8c,58112
assets/cards/thumbs/S1-MAG-001.webp,3cc572f2b4c813faf7fbddeedd568089829ae5c676d181babad895826a36bff6,64604
assets/cards/thumbs/S1-MAG-002.webp,bfca78d63d99b71dc71076e39c7201507c495c8852192d716ae7d98aa6a10fc5,65786
assets/cards/thumbs/S1-MAG-003.webp,ad3d10e3e506b7703bfa5a5bba06e1e1fa272dd33a64bade13b0bee95ec57275,65156
assets/cards/thumbs/S1-MAG-004.webp,5a35abbda1fc6a97b3c4d856a697383a450e2720d7c5679648e1baddfbfc4a0d,66300
assets/cards/thumbs/S1-MAG-005.webp,b37001c8f3ee116ec45c1567149c08a9e2073757c6873ebc1df598381d8e22a7,64084
assets/cards/thumbs/S1-MAG-006.webp,7fa3be3d40dad78494984ba44b8341de3e5c5b9905ca573afda013fe09ebb3ea,62006
assets/cards/thumbs/S1-MAG-007.webp,ee8c8ec3e01238a48e1b39d15aa3ac13dc3928761dc5b1616acc3a39e6aec2fc,71480
assets/cards/thumbs/S1-MAG-008.webp,221d8ae8860936c3b6995ac850f16e403abe6fdff1ceea8e012d5f32efca8d41,78678
assets/cards/thumbs/S1-MAG-009.webp,98a145ebb9219d37ac72ae7c332b3661b1ae22b107d25aa63b813e2767d21f7c,73576
assets/cards/thumbs/S1-MAG-010.webp,81f57088cb273a60411323316f1a2ebeb96f8b41fe07a85ff780b97d0ec4834b,77820
assets/cards/thumbs/S1-MAG-011.webp,845093d04e83e4d9dc25bd9a1bf9760713b14914173ccc0d01ebce739bb5011f,68348
assets/cards/thumbs/S1-MAG-012.webp,94fef43c621c527391b5460ebacd331db54174b6882414724e0bd6251781bfb1,70816
assets/cards/thumbs/S1-MAG-013.webp,186394c23a990c898e5a65386b17174fd22df7e8d6dfbaffbc5c2edc4e10a33d,71110
assets/cards/thumbs/S1-MAG-014.webp,fe93f5c32ed7957038ddf4f5802d2304069d2399acbd7439daa99762fc86b49b,66800
assets/cards/thumbs/S1-MAG-015.webp,5125a97f9f77b99f04d4ea66a006a136a4830c66f59f18e9cdacfd7d088b97c3,75656
assets/cards/thumbs/S1-MAG-016.webp,fb073f53ffbbf61cf11ff50567b2e777cbf3f0ca07ca6ced91602264ffb2a2b2,64948
assets/cards/thumbs/S1-MAG-017.webp,cf6a372c6b0d5ab097388b2ee26af00b193efa245daf039a747f6baad996091e,66948
assets/cards/thumbs/S1-MAG-018.webp,2075e5d86e599dcd9721190b8365710837058947e6c124f0e93f848b2110f829,89656
assets/cards/thumbs/S1-MAG-019.webp,def91ea099acb886a2691e2bc246b8b102a5998ba2107e1f415c5e875f2aa583,81178
assets/cards/thumbs/S1-MAG-020.webp,fad66663aa71b41d43867b5c303665ab7dd6f036e588fc42830e4be883944d7e,66254
assets/cards/thumbs/S1-MAG-021.webp,68095a4e06b20b03ea5fbb10c357c03660bf965a6e797081cef34227cebf72d8,69924
assets/cards/thumbs/S1-MAG-022.webp,41665d35005927053f5c45e277a894ddc4d9e0035342778e59aba41cafaa1f33,73506
assets/cards/thumbs/S1-MAG-023.webp,728597cae1ff8677f754ac89c28099e3f1d92dea81c8bb7536327372e77561e7,74164
assets/cards/thumbs/S1-MAG-024.webp,0274eb78e6a94a40afc5d8cde7b1770f27c674282a73e4785baac68b1c8a1725,75636
assets/cards/thumbs/S1-MAG-025.webp,86ad74d23552989fd27e1081d6f6c6e44eb9c2caa9a1f9ae859dc4780789fef0,80356
assets/cards/thumbs/S1-MAG-H001.webp,e5e0f2b091bf70b8a3edf92c976968b1d0f02ff36346724dc3d4c710615de0a0,88424
assets/cards/thumbs/S1-MAG-H002.webp,688c36ba59b12b66af2fa6e908d4cf8b192790c45f91076465ea39775a58bcd7,87204
assets/cards/thumbs/S1-MAG-H003.webp,2737c47eec0d34b6cac2d95d3ad323c13b23f243eb21e8ab3800489b3ae36c86,94076
assets/cards/thumbs/S1-MAG-H004.webp,7c3aa6bb1890b0a7825c6bdc9d385c99ae1193766c556655dcef9f58eeea3bb9,76604
assets/cards/thumbs/S1-MAG-H005.webp,a8d0980ccc4212a0e8088f420b523dc44d35c90272c5572f16ca3a63f7da8178,72664
assets/cards/thumbs/S1-MAG-H006.webp,602815ebc1938c2e383519779e45bbc373f03ece1f9c8b578938ffddfb57b3ae,82882
assets/cards/thumbs/S1-MAG-L001.webp,b2deb236e21929eaa5d167e42a88bd96cf029794f81118629d168ade386ede41,67052
assets/cards/thumbs/S1-MAG-L002.webp,c89bfe24e23de95f4bbef9311e3bceb27eb65928ea532a2ad5d3a5d0226eb662,66054
assets/cards/thumbs/S1-THF-001.webp,7f10d8e8985be2109b36c200fb0e787e0e951a210d81ca8596f838fb34d8c448,63716
assets/cards/thumbs/S1-THF-002.webp,e794e4bc9f09b9d760ffdf463348a5a8ae4156c0f33db51b9b7d49a099b7e7d6,66758
assets/cards/thumbs/S1-THF-003.webp,ee90ccde258c3a935edf9b5055c5415c6e5a202896421c722246814d6d99b49d,61624
assets/cards/thumbs/S1-THF-004.webp,871d01f676cadb223b02e01b6d797aced1408690f790c3b35e5546c70975e130,64500
assets/cards/thumbs/S1-THF-005.webp,311a15069a78ec8b3549bdea92279b1707bb6b0882a8004f3d6cd0e3b0586901,69244
assets/cards/thumbs/S1-THF-006.webp,8f17a034afca55ffe1940f832615a632aab54f238335d8b4f272f1a7bf116b95,67840
assets/cards/thumbs/S1-THF-007.webp,23785d847fa2ead0330419cf8e67b77f64efcb29d882bf01eb9acbe18bcd133a,69548
assets/cards/thumbs/S1-THF-008.webp,14f5cb8aa15531395e666a05fb85e924a31d2ff6b0c49a9968ec3e61a82f7338,72592
assets/cards/thumbs/S1-THF-009.webp,5dcd40523832573f0f751c5710073b441b802966ea0d17bd5684f83056233a5c,77140
assets/cards/thumbs/S1-THF-010.webp,b543e7ede3403552407106bb85f87781cc3310f326cb87fa1137d9eb23f2fff0,72020
assets/cards/thumbs/S1-THF-011.webp,a9b3ad08a4573f3660d57e08654609fc35d5f8067d9559774846819ad91db37a,68858
assets/cards/thumbs/S1-THF-012.webp,9ef6d6eae9f6c2816ce6412276356ad09980da384ede6e3601affaaec70f5c91,61764
assets/cards/thumbs/S1-THF-013.webp,9e767c1c233eef7a87fb36bc09ef5c1de8698f02cd357bf739b68edf2964d2f2,71952
assets/cards/thumbs/S1-THF-014.webp,5f818bd2f4d6c1220f0f31d632a09b5592fe48e5f24e843f03179cbed64737d8,73102
assets/cards/thumbs/S1-THF-015.webp,c996e155dce94268cd2d85a41ae07573421716357026e500de430a611760bc9a,75136
assets/cards/thumbs/S1-THF-016.webp,dea9712a243dd25be378ba8107f3ea32103f082ca2eca6f7e757b2bafef60ccd,71882
assets/cards/thumbs/S1-THF-017.webp,43ebda6cd797847454039dd0ad52c87b464f22db89cf7283272f155c1fa3d891,77468
assets/cards/thumbs/S1-THF-018.webp,6a986423fad0e450d7482ee1a7ebe480a0cd7276e7137014df1025e12141463d,88172
assets/cards/thumbs/S1-THF-019.webp,010ba14f42b1cccde355634684c762e2fb9aa8a6b0754ce5d8e00ebb1210f963,72628
assets/cards/thumbs/S1-THF-020.webp,6e0deeee38542a35e2f404b752399e605602ae549e16c4644d5db6add895f227,71636
assets/cards/thumbs/S1-THF-021.webp,faaf68f5743e15ae792a466076f086361198ac1440b5520078f486aff05cd912,72392
assets/cards/thumbs/S1-THF-022.webp,2f31740460b1c72d2c22ce401e09a2b92974d547497a91a0a84dbbec2d8156e1,74170
assets/cards/thumbs/S1-THF-023.webp,5abb5f17ad6cc1cfcf801f1abe621ff97cbc1285b2958663c7e4756bbd9a5b62,75418
assets/cards/thumbs/S1-THF-024.webp,0c231b6f132d234f29c39c4ac6fe8ba37e8871c278c4f16f88d6b1af5aa5f9f3,71514
assets/cards/thumbs/S1-THF-025.webp,f94723d78ff7c969e7793d2698d4f5aad98f0b5701c5c47b0d09d90dafc002d2,72546
assets/cards/thumbs/S1-THF-026.webp,1f5cf9a55461f97362ea15f8c54800c1fa196709411e9f79aa70d4ed5104fe08,72512
assets/cards/thumbs/S1-THF-027.webp,d9b05e3ceeea93be5026d7ff9dd50ae8cf2dee21148d14c911e38c58ebe3c030,67844
assets/cards/thumbs/S1-THF-028.webp,da1532566ae19b3aecd8a4499b3778119848a8566251c99ad5eacfd62de42599,70844
assets/cards/thumbs/S1-THF-029.webp,9b75f088597c3a5b337b466fb52dd22d873d1e79e63d39ade42beb3abfe35e2f,75234
assets/cards/thumbs/S1-THF-030.webp,a4509d1175749f3914fae46b21a24461f5127a96768a4617ec476212d5af9b06,74364
assets/cards/thumbs/S1-THF-H001.webp,fe5ff8467285c3658c7c90db39255046a03e5823a851d4f86877fb5487e31acc,68110
assets/cards/thumbs/S1-THF-H002.webp,13dd69796d1ee777e8217cd839255a9bc2650afa89c0227667388097badc2860,80802
assets/cards/thumbs/S1-THF-H003.webp,d83afadd7b3395fb8a0c226bb76e0459d3b3d86c212c7c78ce52a97f3c1028ae,87782
assets/cards/thumbs/S1-THF-H004.webp,40bd97be124625a3faa4280efed884e637c0d5a201f41749e2dc960d8cf34f24,66138
assets/cards/thumbs/S1-THF-H005.webp,210900632ad46db50a335d0ac0dc54914be8f5435cf5a19b2c2170ea3514c812,82604
assets/cards/thumbs/S1-THF-H006.webp,ad7a2dda2f1330df1d1132bc1c3a1a0dd6bc7d6a3190c8da3d20942982185095,87104
assets/cards/thumbs/S1-THF-L001.webp,f0fad8cc2d03ce301a446f9e5fd81b1488b6f830f628b1cb9dbca3463db63522,66364
assets/cards/thumbs/S1-THF-L002.webp,14a4d0b1c88c426e6d2e517ba0e5fe751e2316a174cd24681afa047734a606df,70076
assets/cards/thumbs/S1-WAR-001.webp,5341e3e1d6b03f4b56be31d54098b63621fa603d7aaf09352591d0ef3d90f925,57620
assets/cards/thumbs/S1-WAR-002.webp,f2e8995e6b35c785a575e8a0e1db2795b8e2cd40474eda70dd3aa525ff29d9f5,61420
assets/cards/thumbs/S1-WAR-003.webp,4105cdf933f40c326054fbd72cfedf199a929b3667aabf73394f569035418705,62836
assets/cards/thumbs/S1-WAR-004.webp,a4d026ae68e8511390e4a9dcc6df5d03bf6de81d2436052e8056e04c4fd3c1b0,68704
assets/cards/thumbs/S1-WAR-005.webp,e57b9f0f28ccb5fc726744c81bd5b1cd06bcadc8eaf4ca7feb8f06c21f1644b6,64170
assets/cards/thumbs/S1-WAR-006.webp,be7f530dab6357c45e9fd29e7b1801405da86bc1631e26b82fc9624f5552e087,60704
assets/cards/thumbs/S1-WAR-007.webp,42bf869987be0db6d8a5516c555fef6d6adbf5ec00504f01706b9a7c90a249d0,63276
assets/cards/thumbs/S1-WAR-008.webp,38a459cea902a2a38deae090280147e35a34053bd51ae8a3d279a4e085d2715d,63674
assets/cards/thumbs/S1-WAR-009.webp,821f2877143f4d6294153e94cadf10d8bd2615aa19a70edb5b7762d505485183,63566
assets/cards/thumbs/S1-WAR-010.webp,0649a41e6b419efd9c3ecd1509e02a909496b7b78466dad3db7c00c02e23faeb,67620
assets/cards/thumbs/S1-WAR-011.webp,29836325c34423d4a096fcda7ded443c45a8c664084a0c65f07244350f3c99d1,63112
assets/cards/thumbs/S1-WAR-012.webp,59b34340e30e0ac5674e0df4491d988b6c978cf870d84267c3ac05b486162f3b,70980
assets/cards/thumbs/S1-WAR-013.webp,e4fc19cf038f1a609faff0b2f82dda1a7b5edb3a986f1bd4c5125c6da5d8d218,65824
assets/cards/thumbs/S1-WAR-014.webp,b7a4de19fd4e7270fcb7d609cbd10444be67e3482a7509251f7dcbf05cf67819,65726
assets/cards/thumbs/S1-WAR-015.webp,9c9bd8b98453a8dc739f20e74a2d1657adb7e5ef795a8fbef0940ee95d77565c,74146
assets/cards/thumbs/S1-WAR-016.webp,c992683cc3ba4838caea045dfad25a57159e2839f8ee1df78297114a94e921e9,69646
assets/cards/thumbs/S1-WAR-017.webp,2b415e6cbbcc1d09f8b366d45f4d802796cfc8987e0a70cc0acd4add39b06a5f,69292
assets/cards/thumbs/S1-WAR-018.webp,70626978f8fa54aa5452f70318edfadfb65e8b29c0b056c5d22128578863f3f2,78566
assets/cards/thumbs/S1-WAR-019.webp,3f713ea707c4536bc2441621e7d682d1cc6c2a22d21ba16add7f03db935c5987,66460
assets/cards/thumbs/S1-WAR-020.webp,5f6f1702f3043ca229334e043c427eba0450aa0432f07fb23d68ef88d48fa5b9,71236
assets/cards/thumbs/S1-WAR-021.webp,656d09473181126c8c70925f34e923a51ee083aa8a71eab4f87b99181606c908,68676
assets/cards/thumbs/S1-WAR-022.webp,fee215d31218b1322ad8efa090a06e10d5783f5f3ca9b174dd8264068bb503b3,74218
assets/cards/thumbs/S1-WAR-023.webp,057da4880227cf934eed3d35348b1420e6436888948aec31986984d2f00dbf18,68536
assets/cards/thumbs/S1-WAR-024.webp,0afa5b4bb9af6717c61dbb54419ef2d7bceb8d1c1c41ae12596e924ea3e9aa88,68880
assets/cards/thumbs/S1-WAR-H001.webp,89d3c40b9f7ad7a47a638b8371d68156f51a991fd9eed9a5929e4978c55f208e,74164
assets/cards/thumbs/S1-WAR-H002.webp,6706c737a6c8a2a53ce266e9d4ac629e56e5e0ca958b43fc03ba7c96d7768624,80376
assets/cards/thumbs/S1-WAR-H003.webp,53855eecca77b3a81a6f46ca8e7932e4d4dba4372ee630f37b6f47344e15eafd,87514
assets/cards/thumbs/S1-WAR-H004.webp,565779a9f44567232232f58b8fe717dc90c720458c33461defe4e641ca8e5b8b,78304
assets/cards/thumbs/S1-WAR-H005.webp,5b783fed3d150fb8f3a35db60eaecdd68928c10f54e151aa8caabb8ed2d14d1e,88678
assets/cards/thumbs/S1-WAR-H006.webp,e537a579f4270334bbbd90180f2972315ba3623419d6f1fd6b2a4894cfed243a,93724
assets/cards/thumbs/S1-WAR-L001.webp,92aa1d8a88f7b5acf3b8838feea2882a9f839c1fa838d7a2c0538275dc15700f,60188
assets/cards/thumbs/S1-WAR-L002.webp,4798fa285bb95e61819c7f1722bda2a4fd18e27ea2cacf0c0b7cf5d28cd4db00,65842
assets/cards/ui/Back-of-Card-Legacy-Deck.webp,9c7d91fb5789493a951878aa26f45681d769f787c269a860f701a37ece018d28,25956
assets/cards/ui/Back-of-Card-Main-Deck.webp,9add0915f7ca981dbf6b52aeaddeed43d9db9e2070c791507459d8e9b6995c8f,20678
assets/cards/ui/Mana-Shard-Thumb.webp,d67530e1ec04053c53062741756f070e99a607af8a007b131d70083c9850faa6,31752
assets/cards/ui/Racial-Token-Head.webp,57036f1998bda6b4de001e91ef6879036987ff901653209a92e653f511325112,27298
assets/cards/ui/Racial-Token-Tail.webp,2c4947aa137ee15967c3f4342fe00179ff90dee5fe87d9162ca5d766896426c2,13620
assets/counters/Counter-1.png,0163a05b27ab59f3a94cf379ccd5b61e69e9d0819fb3a56e79fc7e13e31a047a,322454
assets/counters/Counter-2.png,ad7f17e7ffe9290df4ed06810b6bd80417133e56a14eaa9a14cf8db3310d6bb4,331027
assets/counters/Counter-3.png,eef0182e7fe1824d0265d9e9419f2ea81ae594a374ba8ed3de56e9c1e90c21e3,325302
assets/counters/Counter-4.png,0b3169cb24c2b0e50aa72c2883c0dd970467915d5b48d2a74c2bc65a9e450c6a,319404
assets/counters/Counter-5.png,85f314ae9c68b8e05b27c08f89a9e208b12969e6cb113ef45acd2967928266de,329164
assets/counters/Counter-6.png,9b45066100db47a512cea48d91f277899eff1a1b03a97524a634a7b7a438a4ae,324062
assets/counters/Counter.png,721304ae162efb52a15ea70f7218390cab4cf022665c4a63349fbe8daa34b0cf,2316357
assets/exp/Stack 100-200EXP.png,cadec62c02c8427f13e07490068b31de1f59643a220a5fa0540fd01a16e2250b,219538
assets/favicon.png,ba3c77d7c9172a375ad23fb449ad44a1ff4d7dad53a56770f71e352cbc7cb03d,10391
assets/Field.png,c50d530c7ad4b812b2b6bba3bbbd6d0f084a4f3e3a2ccee2a796168265d3fabe,28868
assets/fonts/noto-sans/NotoSans-Italic-Variable.woff2,d1cd64b1d71e55d3548eacdda2235d5ce3b5c15bd8ff1b40a461442a7f819b57,1018368
assets/fonts/noto-sans/NotoSans-Variable.woff2,4204916b05eabc58243435a9ddfef2a4b88b29c4547aac811c6818695eafcb11,888276
assets/fonts/noto-sans/OFL.txt,e51d69f5e43cacd83ab6e5f3f1a47005380ae08b6d108d444be49e786d127458,4396
assets/lobby/background.webp,487496dc5ac86b037002a196d17062da05ca925ea16253a0a9532e008bfe44b0,32642
assets/lobby/grandis-legacy-logo.webp,c62604a77d5307612c10e47a5eba0337d01b4bb1bb801d97dc4fe844208de8d0,132856
assets/mana-shards/Archer.webp,78b1165ba6cdfa20770e07d791af6ec1ea82fae04a94324f4acf3296c9e4c702,62554
assets/mana-shards/Cleric.webp,f5b6b8f9cb99d3da6adb0de30393c6fcd899fe660af3a31c7ef42a70e6953de2,73402
assets/mana-shards/Generic.webp,5bb2485e987b8895c5e2185ed78b162f2abde05b216ea6358db473d7fc389fef,63822
assets/mana-shards/Mage.webp,9eb9ad3e34536574834b638c1582387baa142b47b7191488b2f28021b483015c,68020
assets/mana-shards/Thief.webp,5e16ab253a6d3ea67a93163a763c4342b338875a30f6068c8e4916a254bc6bfc,57350
assets/mana-shards/Warrior.webp,c8844db5a13963c0ca43541d72e0103355f3985965ea51e2d8b435bdc8946dc9,69952
assets/status-icons/Icon-Bleed.png,d64592f80dc70c4a092ee20c22ea06537361d21b1ba3b1ddd35de58dad21aeb6,5756
assets/status-icons/Icon-Burn.png,40a829720d86019ff33f3fb69bbf17fed7486eecf43cb96d0b199980e10c89db,6021
assets/status-icons/Icon-Freeze.png,f5d0ace90bf961e229373a753bd6310b9e0b4bc9b541caca2ab52a33dba725f6,7995
assets/status-icons/Icon-Poison.png,6f4c37f9ed50dbc978dc82e2490278c4529b7df735c3a2a55cec0df9d2306aec,9216
assets/status-icons/Icon-Stun.png,5555889f55f6eb455c9d6ba2997b1aeae6895629618a0152ae07224aa362fa07,8695
css/app.css,b264092934be1544960554432154df0c76e78bfc163ac6b4d495ab6724f536c8,320866
css/lab-authority.css,a7ca9b1a80457ec8cd026154951abc23e702faed729f77c09e5dfdcadf912b5a,41874
data/config/active-runtime-source-stack.v1.91.json,725f98c75d1e66bf819b7bfb88b1c316b56c58995ba0c0c772f320cd6deb478c,853
data/season1/card-preview.generated.v1.5.0.json,6e4b9e1858789d5949d4ffc026593f56d140cd27b6763645551687d8048bd44c,504791
data/season1/cards.runtime.v0.15.0.json,8e198c60d067f70fe15a103259b0e479977710a76ddfadfc290a5acf040c50a8,3356885
data/season1/effect-recipes.runtime.v0.14.0.json,b4e71199c1a0678dfcda0c6075618fa720944f29856e0a6018636e042eb4ae25,4790698
data/season1/hero-components.runtime.v1.0.0.json,a83013797330e67b9afff60fa053946123e5f4aae65154dbbeb8cbc55374ed81,48223
data/season1/legality-map.runtime.v1.5.0.json,cb2ec172077efe3a52f6fc4b89e0556215348b97d9b773e63a0997499e49f955,666885
docs/GITHUB_COMMIT_SUMMARY_v5.58.txt,05aaa8823192b9766a677b35e55c4ee1d54fd2201f94e894777c5dd6e445bbc1,22
docs/GITHUB_COMMIT_SUMMARY_v5.59.txt,bbed5a7f8d0bb063e9aa5a339d45a371e1eb46ca33103b3b6b2a6023f943bd5d,336
docs/GITHUB_COMMIT_SUMMARY_v5.60.txt,1a0be5d08518bd5bdcc6d2f58557ba1096ced276606e5389e961241b54862414,626
docs/GITHUB_COMMIT_SUMMARY_v5.63.txt,883dfb9c231989dcffa4d4cf55dba1995b3057868f81d6a3b7cf04c9b1f9191f,52
docs/GITHUB_COMMIT_SUMMARY_v6.1.txt,c6a4cef122353823bd6199d29ae56d7079d9c81c2b23f8b0fcf9cbf821987258,64
docs/QA_CHECKLIST_v5.58.md,1ab02b139148a3d10fa2919f24c5d127eb6cc339a3653fc9c1181db808b94b09,564
docs/RELEASE_NOTE_v5.58.md,bb1727f4a19fa58484af756a988358ee5ead6eb69cb282daa86a43e6b1199139,632
docs/RELEASE_NOTE_v5.59.md,3cc5526fbb495b6e81c77f268ac00816ec7246bad416cca7a1ec0d2d9b5123f3,773
docs/RELEASE_NOTE_v5.60.md,5dca60561bb66396f954c5ba6ac7beded947f271d25be0cf7e38b3242a31882f,620
docs/RELEASE_NOTE_v5.61.md,1ffddea73dc1dc259e1c2b07c312c945d0f8897a96511b73e2c0aadd8fe4d98b,365
docs/RELEASE_NOTE_v5.62.md,c9d26dd4fd9b94dad3137ba4fb9b566d5329b709967022dddf3ca69f0dc5431e,290
docs/RELEASE_NOTE_v5.63.md,9c7794d3c8bad7b7e72a9bcb55fdacb365132eff19369f580ad618d963b5c158,213
docs/RELEASE_NOTE_v6.0.md,76e57a7ffa6e8f31b428c3752a9f1c9691dd51fef7e78f0a8b20f22a1027c805,246
docs/RELEASE_NOTE_v6.1.md,7f7918614aecf14e0afb40130f093dac6608d22e836c1b486987df361f821afb,496
docs/RELEASE_NOTE_v6.10.md,8ae772570a3f839260f48958e9ca43fcffade087bb6bbf8db99d737b421edb4a,996
docs/RELEASE_NOTE_v6.11.md,a2653afe1ba71432eaaa2f5d111f64b572d8f27d07299e7aabb8c3a80eec91a9,1128
docs/RELEASE_NOTE_v6.12.md,e6980176431442dc9539a942588866b1a3cab9cf63a609bfd35fd87096bb1add,396
docs/RELEASE_NOTE_v6.13.md,ffc7136f736c47e4a27f67f8ddab2c2a48f6fc7854ae28f052e1353fff504e8a,828
docs/RELEASE_NOTE_v6.14.md,83aa0e525e414402731ecf8d570a7bdd5a88ccaeb536ae73befee4da5c0192d5,646
docs/RELEASE_NOTE_v6.15.md,dee97d3420686af33a7f904eff0b27d72cd8ddde1d8a3ba688785ede5a52e8c1,704
docs/RELEASE_NOTE_v6.17.md,6ece09bba63c59ab593a631402a50409994cd20a1418ac24f9ed28c15f95ab24,792
docs/RELEASE_NOTE_v6.2.md,1a173664b9fcf04297edc5bb1268b38f960bc091388b263dbbb56c99a42e9728,243
docs/RELEASE_NOTE_v6.3.md,cffbf05c3ed763216d387185dfba9beaaf9da55143edfc687f04be09c4634007,313
docs/RELEASE_NOTE_v6.4.md,0a4802e46dbf4b89a3437d75d614f9b849fc051addfd667cdbfe40525decc9e7,315
docs/RELEASE_NOTE_v6.5.md,af58e716c2e71e0af6826d5f176e1e97c8aefdfa17ea523025b76d9bd3426f0f,342
docs/RELEASE_NOTE_v6.6.md,bd1d0309f1ba173eca35bd8cc437e646706ea134d60706e8ac47a57ec4ae0fa9,432
docs/RELEASE_NOTE_v6.7.md,b62417fac286a1961aab3fdea4dce85d4f3e015ba3664be08b6379d1d420e97a,817
docs/RELEASE_NOTE_v6.8.md,44b1ca1299eca990f4e28fffc15f70a319eac2bbd739cca8cb3bad663ff5cbbf,2702
docs/RELEASE_NOTE_v6.9.md,c10da7bb357781716906319339f6a38a8e287d0fba881bf0b7351c5d8baba063,1452
docs/VS_AI_ONE_SOURCE_AUDIT_v5.58.md,6cea6012b41053b4826701d4b5b873cdc67ccf32123a099f50e3c330b28cbc1c,320
index.html,882ebd021ce1dee83a304b0979f2c406f564543089bca1f1eae9a159800df04e,3806
js/app.bundle.js,b2e65d06546dd47ce5c54e4b0ea9614fee581f1838a4cf647d623fb5c766f682,1376043
js/mobile-app-nav.js,5be991d8083c56f744f4499eb0f86031968d178dc55f5aacf8bcfcea3f6586d6,1411
js/playtest-source-delta.js,4ed7cd430c20453500beda47481d9939293641187d581bdddc2149cec00ec8bd,3198
js/runtime-authority.js,294bed265e0f81eda97ea42e8e0b1d900934a9a5f8f5085131f3f4dd5e08c619,16161
js/static-data.js,00fbef9d13562f0ca4a21fd34837a10538580ec60c815b2093a5e13c114920b7,11248408
package.json,7b71f95c311f335e0fac4ca25b7088886bbe4deb1c1ce5dcd48cfcc0d304a023,2310
README_PLAY_FIRST.txt,dcdea983e74c86900d12f51f26db64f8113861f8e9193d2cf523a66e37f96f6b,583
README.md,d2c2fd76eee02a41fc03637a47c630f78158cf827f7872592cf9d1bde74a1aff,1481
RELEASE_NOTE_v6.33_v0.59.md,122e8496e9f1989877bcb6880f1ac8b0406b6cc3198575ef7879fc4514277edc,840
release/CARD_PLAYED_RESPONSIVE_HF1_v6.24_v0.52.md,c957884ccea839fec438d208f5117ea57605e4a70c458ca121b0986be9a5f013,861
release/DECK_IMPORT_RULE_LOCK_v6.25.json,25f0ad1b49cf255290910263962c35227b3f8cec235fc4994b670655b5ed79c1,231
release/history/DECK_IMPORT_RULE_LOCK_v6.24.json,8f2c41b66e3419713487007e716212a1f300fbedfb6c8af531c0a6721edb9449,438
release/history/RELEASE_NOTE_v6.17_v0.45.md,6ece09bba63c59ab593a631402a50409994cd20a1418ac24f9ed28c15f95ab24,792
release/history/RELEASE_NOTE_v6.22_v0.50.md,7f116d29f10bfb93d15f9962edf165ce716ef69f71859b69a7ca641e2ee3823d,496
release/history/RELEASE_NOTE_v6.23_v0.51_HF1.md,622f8f28879380844e5e4d27cb864697cac95acf9ec86455e3edc38600f5bc02,433
release/history/RELEASE_NOTE_v6.23_v0.51_HF2.md,beb213296f510dba499bed92d147dbba2caad4bf2b7f2561b0c9069720e00750,363
release/history/RELEASE_NOTE_v6.23_v0.51.md,d8bcbacaeb0e948cca96db92df0e96c9f47293e69bd8ddc6c7e695016bbd5023,1106
release/history/RELEASE_NOTE_v6.24_v0.52.md,da2dcbb460167e59531ceabf772e8782f794cc84aac70949a4552c7fc22afa1f,953
release/history/RELEASE_NOTE_v6.26_v0.52.md,f58e8dd7d750509337d13d84d8e91d3b0c7e4c690d8ef53231b8cd9abc7acbad,768
release/history/RELEASE_NOTE_v6.27_v0.53.md,28a2d36696610662255d2db3774b84fb161fc53bcfcbecad96a536b308992495,1189
release/history/RELEASE_NOTE_v6.28_v0.54.md,10a877d4e68a80cabf3d4121265f9f9d2b69fd3f9a5af7a93a62d33ba73eb2bd,1057
release/history/RELEASE_NOTE_v6.29_v0.55.md,619d916d132a931f092b5898eeb103cd19ef5c2ef7bcb95f8389624cca6a4e90,1312
release/history/VERIFICATION_v6.24_v0.52.md,0231adc39329d9396cee72774a2185ea27bcee1f90d94426cc934571ae36aa29,1069
release/history/VERIFICATION_v6.26_v0.52.md,b762ef5d59eb6b69c85ab05c5b2e47e9375f3927d1154c3a35f2d3417ab5f690,581
release/history/VERIFICATION_v6.27_v0.53.md,8be33dd2454f7b1a52b6bebf1ebd5d75da2a59c0cf9daf2d2ab2a9a36d046e02,1513
release/history/VERIFICATION_v6.28_v0.54.md,7621d769dae56018a188f8b284ec402f7168216ce9ba581f507ed9dbc2f1502a,562
release/history/VERIFICATION_v6.29_v0.55.md,952bdbac88e561cf9d3e552a63589b426a26cfe8b59c55207e54b78e439b57df,976
release/README.md,0a0da7c6f6bb39d187f8e0646488cefc212488e04343ea79068c3f1a52bb4d65,143
release/RELEASE_NOTE_v6.25_v0.52.md,aabfcf83c9160ddba47d469252016457c66083770fb5a7c50975c8728e2100ef,369
release/RELEASE_NOTE_v6.30_v0.56.md,2a692bdf31a7cc4c6dd674eee8ee75817614f8213e1640caba97f1c52f7ea86c,1481
release/RELEASE_NOTE_v6.31_v0.57.md,f690cd08e0c1573971e08082d0746d481a88cb58653f6908a32a5142223d5074,1217
release/RELEASE_NOTE_v6.32_v0.58.md,3db6be3687554b5db0248b94f1934793cad78acecce26229e49250362a30f17c,1577
release/RELEASE_NOTE_v6.33_v0.59.md,122e8496e9f1989877bcb6880f1ac8b0406b6cc3198575ef7879fc4514277edc,840
release/RESPONSIVE_LAYOUT_VERIFICATION_v6.24_v0.52.json,d0807f1dd2f5e894ff5fb53ed34d98d62081e8cf14aca46f3a7dc387c6ec826e,2338
release/VERIFICATION_v6.25_v0.52.md,2e23a763dc3b8c62aa72e2be026a7e4cd2459c4f640347b6a1e5f62ee0c1093e,796
release/VERIFICATION_v6.30_v0.56.md,b5d0258f612a22e50ce046614cd830536d8d41f2175ffcd48ab5fcfc9341e329,719
release/VERIFICATION_v6.31_v0.57.md,2969bb4ac561903e4694925775e16dcee3b01e082f4238c3884e43467473e448,758
release/VERIFICATION_v6.32_v0.58.md,cb752d61c92a0a9ed25c0356ddf161a9d43ed06be448cf5b01c398beabc76faf,545
release/VERIFICATION_v6.33_v0.59.md,4e5cc64cffb8622c223de710ccbda71e65229573b709fb153f330ac456c4e58a,512
runtime-source/data/config/active-runtime-source-stack.v1.90.json,114d068e2aab46fa3f57c4c1bb9809414782d1bab2f61100bf9d239a8a81e187,816
runtime-source/data/season1/card-preview.generated.v1.5.0.json,6e4b9e1858789d5949d4ffc026593f56d140cd27b6763645551687d8048bd44c,504791
runtime-source/data/season1/cards.runtime.v0.15.0.json,8e198c60d067f70fe15a103259b0e479977710a76ddfadfc290a5acf040c50a8,3356885
runtime-source/data/season1/effect-recipes.runtime.v0.14.0.json,b4e71199c1a0678dfcda0c6075618fa720944f29856e0a6018636e042eb4ae25,4790698
runtime-source/data/season1/hero-components.runtime.v1.0.0.json,a83013797330e67b9afff60fa053946123e5f4aae65154dbbeb8cbc55374ed81,48223
runtime-source/data/season1/legality-map.runtime.v1.5.0.json,cb2ec172077efe3a52f6fc4b89e0556215348b97d9b773e63a0997499e49f955,666885
runtime-source/README.md,14bcd8fcbdc0c51c74ce76cc31c79000c74a666bbc1eeb54239149391fba1887,482
runtime-source/runtime/adapters/local-ai-adapter.js,d0b5b4f9d39eb96dbe371d8bd87bd8e3c05d73d9ef4fa98cdb921fe2ec74c50d,440
runtime-source/runtime/adapters/pvp-adapter.js,c7829916f6015345403c8e2ba0fbf5c0d818f6808f60f1fb3417a8b6dce3e88a,399
runtime-source/runtime/browser/runtime-authority.browser.js,294bed265e0f81eda97ea42e8e0b1d900934a9a5f8f5085131f3f4dd5e08c619,16161
runtime-source/runtime/contracts/intent-contract.js,50b812c2f53408ab1a059976b357e5ea3ff89903bba86e7464823d2f7d4411a9,1312
runtime-source/runtime/contracts/pending-contract.js,c5a02252bc41bfad20bb4f959bfb932447c84605e174ce2109eae93597f39895,884
runtime-source/runtime/contracts/runtime-api-contract.js,82117a34247ca6cecffb4f4fd67de6d0de23ab57623e94af9b9f3e3034483fbb,1246
runtime-source/runtime/core/attachment-lifecycle-policy.js,16495a90dcb56f3d67fd65d520c027e69dc30cc086a9162bdf41d7232df30af7,2862
runtime-source/runtime/core/card-instance-finalization-policy.js,d476411b02078658bfc2cd3029f983826aa87072a6c1f58d09f1b75314887d3e,992
runtime-source/runtime/core/constants.js,25ffbddf9d6dbc6c9215c11c268244f43cb78941e982888695ccf478d3fc5669,1323
runtime-source/runtime/core/deckout-policy.js,e4232f6a00decb0af264a61325f850a6a46130cd433c95941b6cfbf3f3d1d71d,869
runtime-source/runtime/core/draw-policy.js,0334cf7f5eb02e3a9fea504e91e8e75823d283e53887b3eaf9dd67c81990af8e,2267
runtime-source/runtime/core/event-log.js,b7ebef7477017b9b62277998922a78aa37e29ad83bafbb6ce9b73c2877079d95,2148
runtime-source/runtime/core/exhaust-policy.js,9f7cf64d96e25143099d3e33b9d0d16d9b1dec3479b9595905a2d82cbca30877,1418
runtime-source/runtime/core/heal-policy.js,d545e16d05941e15bbcc8bcd0dff3d4fdf8ce9617a2d5419eff0d7df8f1a32dd,1804
runtime-source/runtime/core/index.js,f0733d1ca0f87c8477373aeb6548a560213a575b39fbb1ca589110a3fa87177a,1164
runtime-source/runtime/core/legacy-defeat-policy.js,c2ed3920e750c487dfeee44a82358a3a40ccab1d7db62cd98ad493c94f9e9334,1518
runtime-source/runtime/core/legacy-racial-taunt-policy.js,f3a0bc635701a4aa191a5a9364041c825483cfda61c8ccf68b9ca333240a2303,3732
runtime-source/runtime/core/local-ai-integration-policy.js,8b563730a129a59e4d7fa5ca126bd215661f5c40a52943d4e615276e3e2bc958,2256
runtime-source/runtime/core/mana-deck-policy.js,3eba6d359a5039dcfd6057e9705b49b51662e42e1561edfd628dc5ff3ab8bfc1,7092
runtime-source/runtime/core/pending-close-policy.js,0ba0185d4f6badf319e699b08d6db24b87905f5f6a3504e990232b80d383b095,3104
runtime-source/runtime/core/positioning-policy.js,172775cd0ad640c2719989929ed085c16f4a2c9f8562f12fe551590c841df7d0,2019
runtime-source/runtime/core/reducer.js,6604efb24d39bbdff6f72d3f256bb60c2b8e6a1115d3eb33f070f7bf1a7dd15d,411261
runtime-source/runtime/core/response-availability-policy.js,9da5d3bdfe4c6b16f53e1751b61e6430f2327c58a158fdd867bc6375e6cd8542,3238
runtime-source/runtime/core/rules.js,4c46dba1facb39327e4d2eeb90bee7d68e2eb9294538e4bf3976f4395801cc97,4170
runtime-source/runtime/core/source-sync-rules.js,24cd7024069e1bec58aeb9238ab6dd69dd5185da92f8734ae5bbfb52561511fa,29265
runtime-source/runtime/core/swap-reposition-policy.js,0596b9bcde3899f74d82080cfc8e2df47cdd56db07e9f86e4b98630912411f0a,6887
runtime-source/runtime/core/tribute-policy.js,ed21e87320fe09d348675cc59314f67fdffefe1966d0533163c0014d0b3b6410,1252
runtime-source/runtime/core/triple-shot-policy.js,a58cfdc8b8aa36194eab8b0bc01206817822f55b28093c9e3f9d789b128f9bf8,1322
runtime-source/runtime/data/hero-component-resolver.js,491682a354b5118a1ebb46ab607fa452b8a3f38226a874cf00a434725085ddff,1615
runtime-source/runtime/data/one-source-loader.js,2836c8026e3a4887b55511775bb99a07109a498a0dc2c34f8637d3bc52046947,2871
runtime-source/runtime/effects/conditional-follow-up.js,ae8d38442a3d11f2791e63bd318285011a995043b499f04715f53f79ed90f0a9,8782
runtime-source/runtime/effects/effect-registry.js,d18de865b0af7b388ef664bcc9d0213e27db3d4c093c10e70cad5ff03b4ff0c5,2905
runtime-source/runtime/effects/recipe-bucket-engine.js,0df3073cb018388cf8d566546293182a41c834693c4a6cf9cf34afb7e64ab84a,10339
runtime-source/runtime/effects/recipe-dispatcher.js,b375ef4db791eb6a4f2dfac0f3adba3803bcdc66e40a19df425a2d5b1e9db105,3291
runtime-source/runtime/engines/attachment-engine.js,115a32c957fdba85360c7b0b1f486e2a9b376e3710e7491f68699b2e2169976e,6045
runtime-source/runtime/engines/attack-engine.js,b23a6404fad3f8187e1e89e2235f2b5c0c843c11f17c4f54465adc2a9557d3f1,1388
runtime-source/runtime/engines/casting-engine.js,1274e4a4343c3252f6ec253cc074576dc6d4604fbd1b06bce84d1f744c0560ba,6319
runtime-source/runtime/engines/damage-engine.js,208678ea4f006bdf5e3517735e35ec4015287f705f8afcc870d1c3eb296a0f17,990
runtime-source/runtime/engines/def-engine.js,d2595c4d71ae5b67f965e0f2d2b591d49e1ce453597c423203fc918780fdfd66,1673
runtime-source/runtime/engines/fixture-rules-engine.js,7984ee1c14453b0dd8c07bd23665093eb2807d266d1482d76609a55eef5cf540,4327
runtime-source/runtime/engines/legacy-engine.js,7fffc69d78c20c0bf63b7dd6498a6df512318a7b8df3ce57b40c1c70495fee05,496
runtime-source/runtime/engines/response-engine.js,62e3ac8569218332a423c5cb13a4a299c2901b978b56504ec8d17c0538f9b369,3153
runtime-source/runtime/engines/status-engine.js,918ba190b1dd85fe403de180dcff507bc1a7406d2190b9eb0bba5a9377337060,1212
runtime-source/runtime/index.js,3f97dbb645d726a35777c4227115c241adac91df2b88c102a607c234cf94f7a8,1380
runtime-source/runtime/package.json,1d5171217b9c40bf5f145060faa6226fed0f5f192791e4e64dc09b4f927a9e11,247
runtime-source/runtime/pvp/draw-review-runtime.mjs,a881125f805c619691939b87937f255f97313a4cba71750ece276b3a6548a72a,11403
runtime-source/runtime/rankup/rankup-policy.js,1a5b36523ade616e09015f5409003130db52335b93b249d195444e2e0296c923,884
runtime-source/runtime/schemas/card.schema.json,daeba71e0dbeb48217162038ab944a562bc8205d15000049a245e67f7791e88e,1372
runtime-source/runtime/schemas/conditional-follow-up.schema.json,6ceb37d6af6f427ac7603cb0aa3faedb8456528d652b33930485d4b6f76ae88b,2454
runtime-source/runtime/schemas/deck.schema.json,6040465ea9b5ad36e371b66e2513c20de7d46360efcb8e5cb0088e49879d9576,655
runtime-source/runtime/schemas/effect-recipe.schema.json,bea57a0988f8afe40b9b87ba850f97f3ef0a25bb529c92998ecff5a39950bca1,684
runtime-source/runtime/templates/card-database.example.json,4e2aefb95152155fc6f9722431c29be025e79efa0a3f9b5d5313740f22f69ad6,1574
runtime-source/runtime/templates/card.schema.template.json,b407f3c13129a5a374e3369eb91c277175de55f894c4543a0d1fc5b7130b6192,1396
runtime-source/runtime/templates/deck.schema.template.json,f11869a81058c1cce55eeae73d5a18fa3d182361ef567e1b22bac56a4891c46e,488
runtime-source/runtime/templates/effect-recipe.template.json,1a7bed70d6d312eac39ba665fd26904823cf1cfe510bb3c19ef9497f225ed7a0,323
runtime-source/runtime/tools/audit-assets.js,0998eeed4ef70b58ebfc0171a08b8e251c470fc621020092a1200f682443957e,1731
runtime-source/runtime/tools/basic-schema-check.js,5c320dddb5557fb2b57f989ebc8102d6dd1a554936972577b9a770edc76abb2b,1328
runtime-source/runtime/tools/convert-starter60-decks.js,227fa328df8af09889b2d1093432b5831108ea7b273b91c49b5e42bfea60d8a2,3676
runtime-source/runtime/tools/generate-season1-coverage-matrix.js,f290a6fd2fff0e10d12bf4144164cceba22f8c5073a377ed362bdcc4c51233ec,3464
runtime-source/runtime/tools/import-card-database.js,d997827127fb2d3caf86f3a71916b27fb492fab83f0b1a9ffef0208421b45604,2014
runtime-source/runtime/tools/validate-card-database.js,8da0984bce3259401f26dd8931c0ec1bdb7304d236a642123447791baa97e9d8,10367
runtime-source/runtime/tools/validate-effect-recipes.js,d44a6624d86752aaebbdadd3538ba5ec702d6df2b06bab2967aecf030f060371,3525
runtime-source/runtime/validators/cost-validator.js,7f0a9ead3f175c33839796910da2b8ad14b5063bfefc429296402549b3caac5f,583
runtime-source/runtime/validators/source-validator.js,44e3da80d664173b8ec86dc3ce333a21ec522bbd0549db57d80097c225b7fc8c,1242
runtime-source/runtime/validators/target-validator.js,cab2bcad1d66931cb862a7de050cd971118a03fe970a83ae00d1d00c5de3d94b,2017
runtime-source/runtime/validators/timing-validator.js,4318e180e87489f52c5327fe14a115e298e40ea162b0eabc800b31b34f1e54ed,416
starter_deck_examples/Grandis_Legacy_Starter_Deck_Presets_v1.4_PvP.json,d4db8753e0273c4c453acd6dcd0548decb3361ae63c46c95da8db0a9056e5b9d,100045
starter_deck_examples/starter_01_elemental_lord_conqueror_renegade_GL_DECK_1_0.json,d693a73c7eb1fa8052f4b02f62fdd3b3335f46ceb6384a6ddcc72210b9af83aa,17321
starter_deck_examples/starter_02_saint_crusader_grand_ranger_GL_DECK_1_0.json,12fca81e18e38ac66c0a78c4aba4a24b930f6cb255ce5c3163a647680c25bddb,17252
starter_deck_examples/starter_03_renegade_arcane_duelist_elemental_lord_GL_DECK_1_0.json,99a7bdbb539e21e2a98d275f0357aa2719273660d2c0a8ec2ff9edc920f93d69,16717
starter_deck_examples/starter_04_grand_ranger_conqueror_grand_arbalest_GL_DECK_1_0.json,f2ca9972a0880b5a1412b478b74eb60f12695dd1d5361ea0da3d832dd1057f98,17435
starter_deck_examples/starter_05_elemental_lord_arcane_duelist_saint_GL_DECK_1_0.json,83db957e024cfaff181e66eec78405145604262ccc8f5e0d01c028c419a1b4c1,16438
sync/runtime-sync-lock.v2.56.json,06469d071cf00d8cac303f6a0b709405f4346321881a1db86d8a79e85f9fcd19,3971
tests/mobile-scroll-browser-results.v6.22.json,7a9f63817eab77f36ce987239079a283f80bbe459dd17c293a1d0b0876a8512a,1215
tests/promotion-v014/run-baseline-preservation-v07.cjs,59278e1c007ee710d5caf226c147997deb34945ee82232e58f8328dda210637b,2462
tests/promotion-v014/run-card-played-audit.cjs,83ef3c9cfe754d0b7c41599fa6fbc8e17fd61018f65cff79b0c222d3bfd7f980,582
tests/promotion-v014/run-draw-phase-sequencing-v010.cjs,83756cd6d237306e81b83317b866f207cc8b59119d5bb8022fa897a767c44724,2540
tests/promotion-v014/run-layout-authority-v010.cjs,5610e8559e77627e7a3885f6db596183b4038df3d744eedee88ea9f5b633b573,5797
tests/promotion-v014/run-opening-flow-lab.cjs,f34ee824048a7598f9233df078a7b257fa7bcb671132d5ebd19170e1beb7314c,5568
tests/promotion-v014/run-physical-mana-gameplay-smoke-v07.cjs,696d3c1c0b95a4a71ee811eef27c33a9832c502e82b2b3ac34e510f558cadf7b,2284
tests/promotion-v014/run-playtest-mana-system.cjs,cfa0c6e4b4f87b1987513e87567244bd32a42786acbf7cd7ea7ffa47fab4914a,5074
tests/promotion-v014/run-render-smoke-v010.cjs,370a2fcc86240048a06fd4a09df230d84ef2bcf6817512640a61120d38f5c9de,2142
tests/promotion-v014/run-v010-finishing-audit.cjs,b9f90f595951463b59813c63e16b0454b764466c02133628cb13af2aa41eeec9,1673
tests/promotion-v014/run-v011-root-fix.cjs,602889c19a6b54b6e7626ce73bfb86463d9b8feb975704ab3ebfa32a3385706e,480
tests/promotion-v014/run-v012-opening-arbalest.cjs,38896f17c716b534e5e08d23eaa1b0b7518dfdefd1a3b28f9452626bad7fb4b7,1197
tests/promotion-v014/run-v013-update.cjs,cfeb7ee947ff66c89ecde77860838508e875a9261cd481711cfc03475fa39460,3125
tests/promotion-v014/run-v014-rule-sync.cjs,09975ae3761f056729d814e7ecb9fae6b193caf9204cd1ce0b347f807d90179b,1913
tests/promotion-v014/run-v07-payment-racial.cjs,6781430971ad35b1aea9a904dac4308afd018373e05734958205db101360afcd,1862
tests/promotion-v014/vm-local-ai-harness.cjs,ad3cee2d58f2909550c36cf97453b051c487c7523772147ee6e2b59775c86238,2198
tests/run-arcane-duelist-legality.cjs,e53ff4b4bb14fd642fe98cd045b86f8b82a260a1ec052b5ef9a430556b7a66eb,1983
tests/run-attachment-slot-parity.cjs,c1fb0046bbbddd9579914aacac2b4de5add648d0b776a518293374048b86bd94,1025
tests/run-card-played-audit.cjs,bb4fe49a598639d6db1677e55f1715ea734afd787bdb7a43c2d25d507cb1e721,579
tests/run-local-ai-application-effects.cjs,dd3190d6e44538255ed69c3182c7bd5e7277fa7778aaba209de06331e60c55a2,2052
tests/run-local-battle-vfx-v2.cjs,ba04b974dcb033a579892e89e539e2b086d35ae8fccdaf28e0ca9e175d71b790,1068
tests/run-local-v5-standard-ui-draw-vfx.cjs,b89c28dad01b58459866301e7bfb843eefd81dd95bbac423c7717dcf2a50dde2,2270
tests/run-manifest-verification.cjs,9e3e48e2006a4327f1d89c672e92f1330634e2369e59a8d77dc43509d767a3cb,2320
tests/run-minor-ui-ai-fixes.cjs,2328f6f0c2fa8925ce56f50f2980d92254b64e50bba352a757b236e477d79eca,5856
tests/run-non-normal-effect-coverage.cjs,b7d38c86c494469de889d00c9f6265fad8863e0d368a1ce38bb2f84df368f0fc,8147
tests/run-opening-flow-test.cjs,fb7071bfa41dd009b02d997c106e1ae68369898507f8243354a3be396aa34063,4658
tests/run-release-audit.cjs,d6a0381a7bc617a3bbad65349f27e661234e121d8e1f7aea643616810ebe274c,8604
tests/run-runtime-executable-flows.cjs,6c0fbaa2bace7cd60f738b3bafb10845fc3e995db5fe8a1d54b6b6ab41ebabd3,7287
tests/run-runtime-sync-lock.cjs,2abde3f4e7c53f570cf11b7204cf13f96f0a0dc323b02098cf6803b2d516473f,1842
tests/run-tactical-ai-planner.cjs,4990e0e0cd8b3406062c2d6d93b3ff8c532e562ffc8919c1d517775e3b4d14e2,1152
tests/run-v536-fixes.cjs,2431374ab0c400358ac49cc3bf1755be538657cc7f21dd0e95f18b0184e3f60d,1089
tests/run-v537-fixes.cjs,a53946ea666fb8fe8baffd457cf616850278dffc73157757e68e12a870926c3c,1106
tests/run-v538-ui.cjs,950b0ca7c74e7b491f3a13e87004df4413cab13e1fee6332ed17bb18123ac813,1103
tests/run-v539-response-ui.cjs,a55353fa14b35ef647e2004a4b0af7788d27987553aa15c68a174d074e2e1b14,1275
tests/run-v540-mobile-ui.cjs,d095a3a550dfb183db80d2e18da9940235aff7e09876b06504a4a916bb66a0ef,1089
tests/run-v542-mobile-ui.cjs,afa94392d6d1f37280035f926935ddeef2e2ef45ef076bfbb7fa5f6fa705f1c8,2130
tests/run-v543-resource-ui.cjs,1243f288d594ee3ea6907dfa2303977a9ce1eae3b380d6c08ff4f87bd8d1621c,1405
tests/run-v544-casting-ui.cjs,6cfd4004254fd4d850de8632a799645db7f00b6055ea9f5af24934070ee70979,1321
tests/run-v545-final-fixes.cjs,60b2999236fe7e2b2b78b2f2bed0fb3143c32e3f394643e27da75ba3a5089771,1788
tests/run-v546-fixes.cjs,69484fd94ee1a25b436a165c1ac1689260f34c6703c805d6102d64d6b3f1ba6e,2022
tests/run-v547-mobile-visual-regression.cjs,0553decf9d008ad2de7e3668a09e88c498bf689adde55ca9092ba230ae5bf1dd,2480
tests/run-v548-mobile-legacy-controls.cjs,811e3f599676c9752fab31652644cbe346e7e2f55d3276d25d2c090dc8166f48,1548
tests/run-v549-ai-lobby-font-mobile.cjs,cbf39ddbbc1f8e1c35a0cf3cd3ef389c809ddd8fb5b42a0045be9c4c6bacb77a,903
tests/run-v550-ai-lobby-corrections.cjs,8a250296faa8d1e4404c3b8cb06521731d5580620199919c3f267f2c8d20dc9b,2757
tests/run-v551-lobby-and-defeat-cleanup.cjs,910447c9be7e955e6adeef67b1c2c3d760e51bd9877ba3d1ef7d5a9900747c84,1517
tests/run-v552-source-adoption.cjs,d5fada0fd83c799939696b21aa3bd0d36be369fbf3c8def88a7fe483603b66c7,1561
tests/run-v553-stoneblood-lobby.cjs,192e187c58e66fa718288a677017a01f9b3aa9894502a38fd5f20d91ef6acc6c,1199
tests/run-v554-card-review-lobby-font.cjs,bee6393cb1384a40790b6e23b01d585dc4fe6fa914808a42e8a9d50b8691a75e,1407
tests/run-v555-end-phase-font.cjs,4c3e9ca8e1015e023b21a257825714787fb487e1abdbe745e9f834cdae90ce9c,1218
tests/run-v556-ai-followup-title.cjs,af899574e3439cf2176f39150357833deca41ef6f012bdefef2338c438d5526a,1605
tests/run-v559-gameplay-foundation.cjs,3b646ca2e3bfcd0b1b24698c9c02c4d8c7236b398a270c181f453830142837cf,533
tests/run-v560-ui-effect-lock.cjs,8bd53419dff275b45329dcf1f654dc52ab0bc98d8b0380dec2cbb650ae6e4bcb,1267
tests/run-v561-card-priority-ui.cjs,7f3d283792e509acf88b0a00b61fc70da03cfa4edafbde6999d86dfc248d4018,864
tests/run-v61-desktop-tutorial-parity.cjs,916550f439eb999071020d4d98aa53dd27eeed8ce3cd0b3b72df6e6e6bbb67a3,1489
tests/run-v610-audio-rename.cjs,7cc8c432b66e484d16a7ba2b514c2c4b1bc052a853dd78c770ac1f1a49594e3d,1847
tests/run-v611-conditional-followup-audio-refresh.cjs,d0d2211980c6f8121343e3d3726974667f2d874e4533e8863c3765380f35a061,3456
tests/run-v612-mobile-navigation.cjs,d7061aa249fac7460e78fe3a9ff1a51e4f8d67b104c6000acb9219a8867fbc33,980
tests/run-v613-poison-gameover.cjs,71bf3ac1160451a17f663b886bf6d78395aab91c34656c6f8b64e8a869726d43,1282
tests/run-v614-result-reload.cjs,4c750146b9a3199cfb147be569904272965836fbd54a5ca50f7cf0b2617c0e47,1264
tests/run-v615-canonical-defense-authority.cjs,5e0d2193a143b379fe5498fe14a5f2572e16aa8bb280a55f6a938eea4f19ba4d,2471
tests/run-v617-cover-up-redirect-indicator.cjs,99ac57c299a398a4ceab96da0f6303782c3b597b050855a0fe845b7b3ff56a5a,1538
tests/run-v622-source-hp-mobile-scroll.cjs,c5e8aeb33ccaf7d382f03947f92648d1ebd46a33689b1d5760f3e601f2e15b60,1616
tests/run-v623-hf1-mobile-footer-draw.cjs,1e56b0c5db753e52d424773db8db428d36a2ee1e8237cab5c77b070d0c67b81a,1211
tests/run-v623-native-mobile-scroll-starter.cjs,6542506f2374abd997d0720f5508593bab2e7994c494f07e770db3e87e44920b,3707
tests/run-v624-next-fixes.cjs,4e8b4a975d62fbbe8f8cb9165e13a3547e7e5314ad258107b6563f89d1cba6f7,2709
tests/run-v625-deck-legality.cjs,7ea2db7cde4d6769810e08cb1f92236b69851c480ac7e950d702b7f1e75ac598,748
tests/run-v626-response-payment-framework.cjs,133b1223c2e58e08fc97435e4726e88bc1fd5271da314ad01d4d18f517d17185,3682
tests/run-v628-exp-stack-visual.cjs,1a0df61c0e529b68bfe572d1b682f204bacb4b0075d29347400ec4743c82bb37,2294
tests/run-v629-exp-exhaust-follow.cjs,219c6d0d0b539b1b34d32ed29792a8df99de40418d1cbf54e08472ad4ec27fe9,1746
tests/run-v63-navigation.cjs,56eeb0408bbf9819d3d2a1503b836e5dbc205459250b67ecb39735fcc456b30b,461
tests/run-v630-exp-exhaust-orientation.cjs,94b9ceac452b83689188f2bc84aa0d0671436fe56ba2d865ec27a5a9e1935691,2196
tests/run-v631-current-fixes.cjs,5969e47a060ba510a5241e18d835c8b93d833b01e2be5878ed61b694bf2f85f0,2567
tests/run-v632-v058-stable-promotion.cjs,ad79da2100a90ea8ccb6c6d179f8625f1f4971b55ecf5a43cadda26c363d0bc8,2813
tests/run-v633-current-release.cjs,aee8643a0a125ad54e00c54e3aee4e9a1c730d7f0a01a67a56b4b6c0dd031573,4413
tests/run-v633-v059-shard-tutorial.cjs,fdf91125fab3e85f6e7eb6b6ea2c6c40a39688b2d8bbfad57ec803e9cbb33a42,1098
tests/run-v64-home-logo-navigation.cjs,fbfa0a94b8c2f0c1d1b94b461de79d160dc0f9b316ed4fdbee4db1be268e890e,436
tests/run-v65-same-tab-navigation.cjs,c71bb1cc8a0d7f8677a2f98d963cbdfbecad55e14c4da8599869ae867265b05a,716
tests/run-v66-result-lobby-cleanup.cjs,e85bf294172c2d9d5a253f8863265591829398840596aa814a77abf7f359a122,745
tests/run-v67-response-lobby-regression.cjs,c37d165e4413dd2fd04724d62e2cfcff3a9febbdf62d37908f0dd71ac8c8afbb,1537
tests/run-v69-source-pending.cjs,08cd4da38ce17172f95c8cc2bd86f3382f19c72f09f2572cc8e5fb93a0106815,12268
tests/vm-local-ai-harness.cjs,dba0ba9446cb26f88fd49fbe1623db2ddbf42110be1b90e9cd7134c83889e612,2168
tools/build-file-manifests.cjs,8a7d123b9e536f9df34cb4b425266677f812d8793b65e888372cb29e855c9201,1294
tools/build-static-data.cjs,a91253ae513efdf5786f075f0aea2c3d01478dc8a9873dbaddba3526c93490c2,12638
tools/update-release-metadata.cjs,31d037c9e4ebffaf8fa2bbdd88a3e72db5d10ee4d630b375931d0090522348b9,5185
tutorial/assets/audio/battle/Dodge.mp3,e07d8c4a9e1140a4de47336fa7c9710877108f5250cd6dd24f31365200d125ff,96000
tutorial/assets/audio/battle/Heal.mp3,cc1b799d0a163ac839956b0790b9718bffa2e7f17c6dd6c020afc6c3a3745e96,55380
tutorial/assets/audio/battle/M.Atk.mp3,f5135d95c80dcfedf5970448a31bf3d6e833627a1824dee0c4cb092d0ee0f24b,33600
tutorial/assets/audio/battle/M.Def.mp3,9fdb77b5bdcd389d555d267ed24f90164b6fe57b534cf2af5476025e0cdeff18,63744
tutorial/assets/audio/battle/P.Atk.mp3,c8a321eff1e55b56a14cfaf2e68db65eb785ccaee60b4ccd0d06936e18027735,60672
tutorial/assets/audio/battle/P.Def.mp3,f1b760212636c96bb891d27d0fe54b163072a9edc45a6293d5c26be95d556c99,29257
tutorial/assets/audio/Card Sound.mp3,1c04e41918b392a643c22d6c02ef34eeab0341c70d46b7d517078725b79d8ee4,30929
tutorial/assets/audio/Coin Flip.mp3,b4842f9a3f2d25004223313f5473bef74afd79915b6af9bdb35c70f6df8c2b50,17280
tutorial/assets/Background.png,03bd71e201ddad36c9d044b00ded9589eb0e8054a9324aacb68f3668584d2df5,2333666
tutorial/assets/battle/Blade.png,babb68059849ea7cb9aedbe0b30cb0bdf0198ae54bebe7fef582c065578b8849,89243
tutorial/assets/battle/Heal.png,5ab9da2f756f10083a169d541cbd8e2c4f475b083db5215ee3265a07fc224370,743085
tutorial/assets/battle/M.Attack.png,7abb2701ab9315b495f068eb2a0d9d92219c72defb34e30060dabeb5695299d6,1213683
tutorial/assets/battle/M.Defense.png,a7a33723dcdde086393012dd2228266e22b7f091a6aea0fe889256605375144a,1703111
tutorial/assets/battle/P.Attack.png,b9a56d15c39d75d0f4953afd1121cf4a60d517601b95bfe3f090ff2152848646,1031738
tutorial/assets/battle/P.Defense.png,56ca1ed4f5c3a8550aecd0f00b3b24c11d543b0b9789979f7b8bbca2d4691afe,1055127
tutorial/assets/cards/thumbs/S1-ARC-001.webp,f7e43cfaeb1cb24e2ace4a8bb4ca5cb0ce56355d7008765d5b4de704ed8cb4ac,67518
tutorial/assets/cards/thumbs/S1-ARC-002.webp,e2ba27417aee31c8c79da1c82961bfe671872194d5eeed8fb0ef89d791b8ab8d,61884
tutorial/assets/cards/thumbs/S1-ARC-003.webp,df4b133a5efc6fcd5c83c14a0b86f7f868a8e2c62691096198378402bfab52d2,72538
tutorial/assets/cards/thumbs/S1-ARC-004.webp,49e28a5e831e64daf6355ba2358276377e472b3db79dafec846aef855f72d1a7,65990
tutorial/assets/cards/thumbs/S1-ARC-005.webp,2e565b51ee0d47530abb0bec579fd4e876559c5d3f20fd81914fb2075f58b86d,62906
tutorial/assets/cards/thumbs/S1-ARC-006.webp,9091491a903f75c4e290bcde089f531984f1ecce7e6081825eace399035a6805,64008
tutorial/assets/cards/thumbs/S1-ARC-007.webp,f7c9dcb98a248a57537c5f060f3f0978529c40fa1c335e21009df71907cebead,68062
tutorial/assets/cards/thumbs/S1-ARC-008.webp,84643a4a2f4d85cdd27c599e0e60de2eca796eb4495d8a32ab41c791e9ebdbcf,71056
tutorial/assets/cards/thumbs/S1-ARC-009.webp,1fbd63941527a2031ba2f744b5c27472f62a7100b95beb09835ab36323f29231,67324
tutorial/assets/cards/thumbs/S1-ARC-010.webp,7f5fda08bc0be8b369899e364de2b55be6960737d53ee9d5817167e4b1124fb7,67710
tutorial/assets/cards/thumbs/S1-ARC-011.webp,7b9f0464f208ecad6fe3889006cf4d9fb8407b91f8a128186ae6d100c9e68fd9,70354
tutorial/assets/cards/thumbs/S1-ARC-012.webp,bb565f330cf4a9e496a97f998d5aa149f72df656cc392afcb006026f80c6d068,70074
tutorial/assets/cards/thumbs/S1-ARC-013.webp,e234e53b2bcfb589e891bf1d31fb8d7b4aa94711851bb60b18623efbf15e3b44,68548
tutorial/assets/cards/thumbs/S1-ARC-014.webp,c9a7db78c14becbd1aeb6e52d023c3c51b0faa6cdaebd592d4ea8217c02f9383,71812
tutorial/assets/cards/thumbs/S1-ARC-015.webp,01967879ab482a73bac9489f6af5a859b17b512f961921078eec6d002d8f899c,71370
tutorial/assets/cards/thumbs/S1-ARC-016.webp,7b9a965d6c938b5cc597fb989c114919ee53ea09e958e15bae217633f6ee93a4,76346
tutorial/assets/cards/thumbs/S1-ARC-017.webp,fe29f030d05e8fceeae37426b997ca1ac9ad87235bb8efd54b0763a944856c1d,74234
tutorial/assets/cards/thumbs/S1-ARC-018.webp,d8692cbeb9a6b95607ed9c745095f364c63dbfde22e51dee11175fd4c7a192c6,82800
tutorial/assets/cards/thumbs/S1-ARC-019.webp,66e78c148eed85af5d86e4d79d8c54397d193c0c363b4f82616ef1664ec5c87e,63944
tutorial/assets/cards/thumbs/S1-ARC-020.webp,da4588c0cc5f99ace6a59a4498a534fb3a4686446419cda6d9f75b19f15d6a5e,70728
tutorial/assets/cards/thumbs/S1-ARC-021.webp,ad9318d2afc973f7b05ca3e32b52f99064fb06a173515e4359ed3d4d8fd91e32,72262
tutorial/assets/cards/thumbs/S1-ARC-022.webp,3d4159c938c919d65fcb79e76c3c8da6f17bc55c236513dbabb342fd3552ed1c,67346
tutorial/assets/cards/thumbs/S1-ARC-023.webp,cc531950a87f8d68de250c24209977b4f5256cb49cfd305d82f3ac1b26fbdee3,73454
tutorial/assets/cards/thumbs/S1-ARC-024.webp,577d57a2810e841ad48b3e2ab116df4ddbca6c51fcf1aa9f39796e85bf6d1bdb,86346
tutorial/assets/cards/thumbs/S1-ARC-H001.webp,3fda8979176906f1ba0e91d025e68217d093cd31537074df6e6778def7b248f4,72946
tutorial/assets/cards/thumbs/S1-ARC-H002.webp,49ecf2fd2f825c6dd761e02b772b1c0cc8ce026c811aecf26c3e4ab7f7b6a124,76434
tutorial/assets/cards/thumbs/S1-ARC-H003.webp,8c5b1cd30032e689d7478792f091f76ae15f08946c9bc5643d263f68e16f3f86,87366
tutorial/assets/cards/thumbs/S1-ARC-H004.webp,ef32345e3681f19e32bef9ad0195e643498fb5d297d98d55d4870f0a2806f425,76420
tutorial/assets/cards/thumbs/S1-ARC-H005.webp,a3588e80dfdb946f6d3e2774ba31ae59a466442901e97df625ed4d135150d39a,87534
tutorial/assets/cards/thumbs/S1-ARC-H006.webp,8eff4a6bf36c575518fc6ef734abb9ff421fd0ed503606035f10d6bffa069523,93884
tutorial/assets/cards/thumbs/S1-ARC-L001.webp,44cc509b10ef696e5b96f93dced13f638c3bd376939622dea40067cda3d21113,70778
tutorial/assets/cards/thumbs/S1-ARC-L002.webp,91408b089f405510792098487d5ebe9997b529639bf2c3cd0f2c2a348db9c287,68802
tutorial/assets/cards/thumbs/S1-CLE-001.webp,bfb3a159caf9da589a79da6428b553a9dd9faed695a0d009e53f1840c8d23b2e,54900
tutorial/assets/cards/thumbs/S1-CLE-002.webp,9415ddd8dd81665c3078155914ac6fa0ca957aaf9789f910193157b6137d7eee,61274
tutorial/assets/cards/thumbs/S1-CLE-003.webp,051440d64d0c647e05e8a4fd874eca1d8d61d2d74f8f47c2a726990237bf1f09,67986
tutorial/assets/cards/thumbs/S1-CLE-004.webp,a293b48fa6ea07f16a3a13da0dc0f9da401ea22a6bc2100ea1adec525aa70a83,66888
tutorial/assets/cards/thumbs/S1-CLE-005.webp,9e68726e16f33295069a84cbfb5f24ed2c47f1f2d3d1ba35d3b3af4b14cf1f25,65064
tutorial/assets/cards/thumbs/S1-CLE-006.webp,51b96b0ca9bc51ec8f51c2493bf6ca9b56283194ca2caeb538b2f8b706f86c4f,65926
tutorial/assets/cards/thumbs/S1-CLE-007.webp,3a061e87f66c18ee747b77129d4a6c8d7d2d93c4d4ed47a42cfe5a63f29f6c97,68938
tutorial/assets/cards/thumbs/S1-CLE-008.webp,38011db9af12a5a999ec8b5688807fc3318da073b22e6a12ccf4cf829ed43169,63814
tutorial/assets/cards/thumbs/S1-CLE-009.webp,9256d57a533b212d83a68b14fd39634bec5d11f55f4abb6c6be1831b0e149f5b,66632
tutorial/assets/cards/thumbs/S1-CLE-010.webp,cfa225bc2a516dd3d60e2796dc9eea67bf75845f825ff6915f35185a4c8a023c,68882
tutorial/assets/cards/thumbs/S1-CLE-011.webp,6c0a5211bdeb849f4af35a3fdd5ddf3692b5fcdaafbef598125dd41fd7ab7c58,68724
tutorial/assets/cards/thumbs/S1-CLE-012.webp,fdc69298f1ab19e63ad169ca788723325d475b7e0acf7a4a8b5c0715ad8d0e47,67678
tutorial/assets/cards/thumbs/S1-CLE-013.webp,efcf5a0fffd937049ea0a598a6c025cde07763b7a80c5c4ea29386edaac825b8,63294
tutorial/assets/cards/thumbs/S1-CLE-014.webp,9cedc0df2e39f6cf0ad993d50b1b7d4a00310b975edbcda26aac2a95f35147f8,66400
tutorial/assets/cards/thumbs/S1-CLE-015.webp,8780fd71ecb5b53ae5a65763821c90e073b08d663ab9c460c8dc1f377792e924,67976
tutorial/assets/cards/thumbs/S1-CLE-016.webp,840ac08a28efba0b97d4a081b0a2ac43b8c8271e26e065407aad4106393fb735,64726
tutorial/assets/cards/thumbs/S1-CLE-017.webp,c09e3546e90cd935e569be9a0b657680786ed8f1ad90305fddff3bad88838bf8,65316
tutorial/assets/cards/thumbs/S1-CLE-018.webp,5c9531621e2404a18c5174b610f1bb09dfbbeb8115f65c170f9e65102fd17c54,81556
tutorial/assets/cards/thumbs/S1-CLE-019.webp,ecf680fdfd2579fdbcf9b8a63090da7762d87fa3161e27fe1695b40f83f731db,79086
tutorial/assets/cards/thumbs/S1-CLE-020.webp,20c20976cdf95451ff300792597fd21af190e6b1be562b0f56884c296d5f831a,63374
tutorial/assets/cards/thumbs/S1-CLE-021.webp,db7cd9ca1b31265550b76890031d78641400911ee1c0820d4b146a9e8cd23571,68676
tutorial/assets/cards/thumbs/S1-CLE-022.webp,7340853699f62353c31548a1f2a5aa3fd8414f59c1b56a545d4b4b96b5eff22b,69330
tutorial/assets/cards/thumbs/S1-CLE-023.webp,d5aa803908881c117b072b111458c9194c1a551396d067b5663d645ae4e511ff,67108
tutorial/assets/cards/thumbs/S1-CLE-024.webp,22e087945858bac09b740b8141c1b9844029e527110e2ec6f4ae48d16f8cdd52,66356
tutorial/assets/cards/thumbs/S1-CLE-025.webp,d1c60c5bac9a3301ed745f6693a7e481adbb4f4731aadc27abe80f69debfa707,87742
tutorial/assets/cards/thumbs/S1-CLE-H001.webp,846cce0d6871d84605861ec2579cb9289977546da07f47daaab9d35e6ba36802,72466
tutorial/assets/cards/thumbs/S1-CLE-H002.webp,5443dd3d1f285167a6428fdc1a29ad577c8f5224ab7350bf1a4fc4c4f062a40c,80056
tutorial/assets/cards/thumbs/S1-CLE-H003.webp,1cc1c5e19df05b5b7bca908811b17dfdcccfcbf13109e4e5437ad0bf533c18cc,87032
tutorial/assets/cards/thumbs/S1-CLE-H004.webp,5a6182c630f21bdbb1d36a432cf45f15da0c23c28a534a2fa703ee0948af5c50,69640
tutorial/assets/cards/thumbs/S1-CLE-H005.webp,5034b63e34f0df88675b2da292092497f5ecb3b9ee13b87ff5c3122f547cac2c,82086
tutorial/assets/cards/thumbs/S1-CLE-H006.webp,22048abea6504b576d3eb362ace0cacb48775c8ec06c192b647a486cc66e7e16,88344
tutorial/assets/cards/thumbs/S1-CLE-L001.webp,17e3ab79c7435836785f85de03b264ef101b82d821f6123eb3a438cad0aa3f99,68778
tutorial/assets/cards/thumbs/S1-CLE-L002.webp,db974e08ecf89caf3b5603eb8e6a21aa30de32dd58c2fb6293f3c090d586f08f,62540
tutorial/assets/cards/thumbs/S1-EVT-001.webp,1bed3b6e3664a821205907e3ccb1cf62e1370252f5075ae088d1b1902b1dd1fd,77844
tutorial/assets/cards/thumbs/S1-EVT-002.webp,a544e5cc9894ad21b37677a29abba2a3c77a98ca3b42abdc8b19e8a4e6c6b0a0,72202
tutorial/assets/cards/thumbs/S1-EVT-003.webp,e8322aed921e5422bfc235c81c1fb597e9b54a2fc880267466de82b60969f287,73874
tutorial/assets/cards/thumbs/S1-EVT-004.webp,0e8808739aff97b8b2b06bfaecfe8181ccc988a525672c0fcec87b515c2f6d90,87038
tutorial/assets/cards/thumbs/S1-EVT-005.webp,47f8c28cfb44a4ccfc5b1c1c3bdda99c4cb3cb67bfb9fa78b4d9407978752871,84758
tutorial/assets/cards/thumbs/S1-EVT-006.webp,fee43c860dc5ad778fa5396ddf92de844dd6e5c27c7c2eeedad7f1cf4975a4a1,74930
tutorial/assets/cards/thumbs/S1-EVT-007.webp,aacaddd556b117a9fa0688158dec4b9b2f19bf58be491375e957e2d9d555fe3b,81700
tutorial/assets/cards/thumbs/S1-EVT-008.webp,dbaa34dd1e8a5cce5ec36a0384b84fbffaac31138c747a88dafd0203aa7ca348,78502
tutorial/assets/cards/thumbs/S1-EVT-009.webp,e459b7cbe46a382862a7e30d0b133ddd1fb8f0798ee4da72f240ef77050c5b57,87714
tutorial/assets/cards/thumbs/S1-EVT-010.webp,291c9410bce715e22b010d85cfa839ec6b8dc2df72fd4e0a4452495577497031,80892
tutorial/assets/cards/thumbs/S1-EVT-011.webp,251d6b9b60548ca0a84b36becb2c6c89af68cfb4a4547d856c519437496061d4,90118
tutorial/assets/cards/thumbs/S1-EVT-012.webp,54d3dbd4b0dc4bb489bc43ee0fbe2764c8ba6ab3010e8eea57dc6a717ba154b8,84232
tutorial/assets/cards/thumbs/S1-ITM-001.webp,fa97f1febce39293330b16322b8f251a0ddc83388cb8388deb1d525ebaefed98,58930
tutorial/assets/cards/thumbs/S1-ITM-002.webp,80060f223ea349204787ab5a702968fbafc9370a5bb1bb1d66ab9858073104de,68398
tutorial/assets/cards/thumbs/S1-ITM-003.webp,14346c64e938836a878f0d4589fca05a578fb2110ebc0974bc2f63e68570b3b8,65280
tutorial/assets/cards/thumbs/S1-ITM-004.webp,17cb2a081d824bf6a523bbbf443f8b18b9ef674daeb30ed27a30bdd33f06bd78,59920
tutorial/assets/cards/thumbs/S1-ITM-005.webp,9e99cd16422810527367f258a9726f4c6b1cfac7df3af7232af42977ac317faf,60658
tutorial/assets/cards/thumbs/S1-ITM-006.webp,fe835c2812b5eb3357f65791ff728b08648354e6c93b4a07b44adc1ac79ca6c3,68958
tutorial/assets/cards/thumbs/S1-ITM-007.webp,51f188feb02850e1fa50e7b14b6569136fe0ec2c00adcbeea2a3335ef72d93a9,63834
tutorial/assets/cards/thumbs/S1-ITM-008.webp,baaff057fb85cf798dd1ac15b9836472fa63b8d267f9f43208a6f5829c7a9b68,70448
tutorial/assets/cards/thumbs/S1-ITM-009.webp,af2617f01de3d68e7ddcc9a71d50b925c38fe038740825e37b78ca17a2eaa3f6,70054
tutorial/assets/cards/thumbs/S1-ITM-010.webp,62020b658065bee6d223c175c6883a316e24ae862f048bf884fc55f8af4743ea,66384
tutorial/assets/cards/thumbs/S1-ITM-011.webp,bd492d1fe553ca74f9f9b328f7fadb74c35539496ef67551a3df6c45eeb4c2ef,64354
tutorial/assets/cards/thumbs/S1-ITM-012.webp,c213f8ca5a6a5b7deb01da420e10f7b93ad978f6b3f6c1301da099eb0ff260aa,65930
tutorial/assets/cards/thumbs/S1-ITM-013.webp,f3da1b8a0651ee091b722ce781a9f6f958fad62cb2dea4ad6da4a9eca94810b2,71134
tutorial/assets/cards/thumbs/S1-ITM-014.webp,2779793b7e0df58461e8a1da5f0b42209e1b9bb869ad887ceb10979ea9963dc5,69168
tutorial/assets/cards/thumbs/S1-ITM-015.webp,6cd4b2b05e5d8e2b6e4c6e79c3aa77ac58dbf52f14a14856e0efe7587c887aa4,68122
tutorial/assets/cards/thumbs/S1-ITM-016.webp,8628e8e6a643d808f5ee90f828ea90ed838f368cb350c89879317c4b8c6a3b4e,61138
tutorial/assets/cards/thumbs/S1-ITM-017.webp,f88be5a90e4252bef9d45300c491ae7969a597545612f0408ccf9ec9808b6397,74296
tutorial/assets/cards/thumbs/S1-ITM-018.webp,99649abd062d36f8d215bf0dd27c714878b9340abb1d96f50a4bac68b951a476,72408
tutorial/assets/cards/thumbs/S1-ITM-019.webp,025c28e66bf7add0911435c2e6737c66423f6afd6aaaa0b89aa86c3145bd2193,61596
tutorial/assets/cards/thumbs/S1-ITM-020.webp,18d99513312e214d8869a3ed14392542b26d7e0164032b07aafac73bf3d72f8c,58112
tutorial/assets/cards/thumbs/S1-MAG-001.webp,3cc572f2b4c813faf7fbddeedd568089829ae5c676d181babad895826a36bff6,64604
tutorial/assets/cards/thumbs/S1-MAG-002.webp,bfca78d63d99b71dc71076e39c7201507c495c8852192d716ae7d98aa6a10fc5,65786
tutorial/assets/cards/thumbs/S1-MAG-003.webp,ad3d10e3e506b7703bfa5a5bba06e1e1fa272dd33a64bade13b0bee95ec57275,65156
tutorial/assets/cards/thumbs/S1-MAG-004.webp,5a35abbda1fc6a97b3c4d856a697383a450e2720d7c5679648e1baddfbfc4a0d,66300
tutorial/assets/cards/thumbs/S1-MAG-005.webp,b37001c8f3ee116ec45c1567149c08a9e2073757c6873ebc1df598381d8e22a7,64084
tutorial/assets/cards/thumbs/S1-MAG-006.webp,7fa3be3d40dad78494984ba44b8341de3e5c5b9905ca573afda013fe09ebb3ea,62006
tutorial/assets/cards/thumbs/S1-MAG-007.webp,ee8c8ec3e01238a48e1b39d15aa3ac13dc3928761dc5b1616acc3a39e6aec2fc,71480
tutorial/assets/cards/thumbs/S1-MAG-008.webp,221d8ae8860936c3b6995ac850f16e403abe6fdff1ceea8e012d5f32efca8d41,78678
tutorial/assets/cards/thumbs/S1-MAG-009.webp,98a145ebb9219d37ac72ae7c332b3661b1ae22b107d25aa63b813e2767d21f7c,73576
tutorial/assets/cards/thumbs/S1-MAG-010.webp,81f57088cb273a60411323316f1a2ebeb96f8b41fe07a85ff780b97d0ec4834b,77820
tutorial/assets/cards/thumbs/S1-MAG-011.webp,845093d04e83e4d9dc25bd9a1bf9760713b14914173ccc0d01ebce739bb5011f,68348
tutorial/assets/cards/thumbs/S1-MAG-012.webp,94fef43c621c527391b5460ebacd331db54174b6882414724e0bd6251781bfb1,70816
tutorial/assets/cards/thumbs/S1-MAG-013.webp,186394c23a990c898e5a65386b17174fd22df7e8d6dfbaffbc5c2edc4e10a33d,71110
tutorial/assets/cards/thumbs/S1-MAG-014.webp,fe93f5c32ed7957038ddf4f5802d2304069d2399acbd7439daa99762fc86b49b,66800
tutorial/assets/cards/thumbs/S1-MAG-015.webp,5125a97f9f77b99f04d4ea66a006a136a4830c66f59f18e9cdacfd7d088b97c3,75656
tutorial/assets/cards/thumbs/S1-MAG-016.webp,fb073f53ffbbf61cf11ff50567b2e777cbf3f0ca07ca6ced91602264ffb2a2b2,64948
tutorial/assets/cards/thumbs/S1-MAG-017.webp,cf6a372c6b0d5ab097388b2ee26af00b193efa245daf039a747f6baad996091e,66948
tutorial/assets/cards/thumbs/S1-MAG-018.webp,2075e5d86e599dcd9721190b8365710837058947e6c124f0e93f848b2110f829,89656
tutorial/assets/cards/thumbs/S1-MAG-019.webp,def91ea099acb886a2691e2bc246b8b102a5998ba2107e1f415c5e875f2aa583,81178
tutorial/assets/cards/thumbs/S1-MAG-020.webp,fad66663aa71b41d43867b5c303665ab7dd6f036e588fc42830e4be883944d7e,66254
tutorial/assets/cards/thumbs/S1-MAG-021.webp,68095a4e06b20b03ea5fbb10c357c03660bf965a6e797081cef34227cebf72d8,69924
tutorial/assets/cards/thumbs/S1-MAG-022.webp,41665d35005927053f5c45e277a894ddc4d9e0035342778e59aba41cafaa1f33,73506
tutorial/assets/cards/thumbs/S1-MAG-023.webp,728597cae1ff8677f754ac89c28099e3f1d92dea81c8bb7536327372e77561e7,74164
tutorial/assets/cards/thumbs/S1-MAG-024.webp,0274eb78e6a94a40afc5d8cde7b1770f27c674282a73e4785baac68b1c8a1725,75636
tutorial/assets/cards/thumbs/S1-MAG-025.webp,86ad74d23552989fd27e1081d6f6c6e44eb9c2caa9a1f9ae859dc4780789fef0,80356
tutorial/assets/cards/thumbs/S1-MAG-H001.webp,e5e0f2b091bf70b8a3edf92c976968b1d0f02ff36346724dc3d4c710615de0a0,88424
tutorial/assets/cards/thumbs/S1-MAG-H002.webp,688c36ba59b12b66af2fa6e908d4cf8b192790c45f91076465ea39775a58bcd7,87204
tutorial/assets/cards/thumbs/S1-MAG-H003.webp,2737c47eec0d34b6cac2d95d3ad323c13b23f243eb21e8ab3800489b3ae36c86,94076
tutorial/assets/cards/thumbs/S1-MAG-H004.webp,7c3aa6bb1890b0a7825c6bdc9d385c99ae1193766c556655dcef9f58eeea3bb9,76604
tutorial/assets/cards/thumbs/S1-MAG-H005.webp,a8d0980ccc4212a0e8088f420b523dc44d35c90272c5572f16ca3a63f7da8178,72664
tutorial/assets/cards/thumbs/S1-MAG-H006.webp,602815ebc1938c2e383519779e45bbc373f03ece1f9c8b578938ffddfb57b3ae,82882
tutorial/assets/cards/thumbs/S1-MAG-L001.webp,b2deb236e21929eaa5d167e42a88bd96cf029794f81118629d168ade386ede41,67052
tutorial/assets/cards/thumbs/S1-MAG-L002.webp,c89bfe24e23de95f4bbef9311e3bceb27eb65928ea532a2ad5d3a5d0226eb662,66054
tutorial/assets/cards/thumbs/S1-THF-001.webp,7f10d8e8985be2109b36c200fb0e787e0e951a210d81ca8596f838fb34d8c448,63716
tutorial/assets/cards/thumbs/S1-THF-002.webp,e794e4bc9f09b9d760ffdf463348a5a8ae4156c0f33db51b9b7d49a099b7e7d6,66758
tutorial/assets/cards/thumbs/S1-THF-003.webp,ee90ccde258c3a935edf9b5055c5415c6e5a202896421c722246814d6d99b49d,61624
tutorial/assets/cards/thumbs/S1-THF-004.webp,871d01f676cadb223b02e01b6d797aced1408690f790c3b35e5546c70975e130,64500
tutorial/assets/cards/thumbs/S1-THF-005.webp,311a15069a78ec8b3549bdea92279b1707bb6b0882a8004f3d6cd0e3b0586901,69244
tutorial/assets/cards/thumbs/S1-THF-006.webp,8f17a034afca55ffe1940f832615a632aab54f238335d8b4f272f1a7bf116b95,67840
tutorial/assets/cards/thumbs/S1-THF-007.webp,23785d847fa2ead0330419cf8e67b77f64efcb29d882bf01eb9acbe18bcd133a,69548
tutorial/assets/cards/thumbs/S1-THF-008.webp,14f5cb8aa15531395e666a05fb85e924a31d2ff6b0c49a9968ec3e61a82f7338,72592
tutorial/assets/cards/thumbs/S1-THF-009.webp,5dcd40523832573f0f751c5710073b441b802966ea0d17bd5684f83056233a5c,77140
tutorial/assets/cards/thumbs/S1-THF-010.webp,b543e7ede3403552407106bb85f87781cc3310f326cb87fa1137d9eb23f2fff0,72020
tutorial/assets/cards/thumbs/S1-THF-011.webp,a9b3ad08a4573f3660d57e08654609fc35d5f8067d9559774846819ad91db37a,68858
tutorial/assets/cards/thumbs/S1-THF-012.webp,9ef6d6eae9f6c2816ce6412276356ad09980da384ede6e3601affaaec70f5c91,61764
tutorial/assets/cards/thumbs/S1-THF-013.webp,9e767c1c233eef7a87fb36bc09ef5c1de8698f02cd357bf739b68edf2964d2f2,71952
tutorial/assets/cards/thumbs/S1-THF-014.webp,5f818bd2f4d6c1220f0f31d632a09b5592fe48e5f24e843f03179cbed64737d8,73102
tutorial/assets/cards/thumbs/S1-THF-015.webp,c996e155dce94268cd2d85a41ae07573421716357026e500de430a611760bc9a,75136
tutorial/assets/cards/thumbs/S1-THF-016.webp,dea9712a243dd25be378ba8107f3ea32103f082ca2eca6f7e757b2bafef60ccd,71882
tutorial/assets/cards/thumbs/S1-THF-017.webp,43ebda6cd797847454039dd0ad52c87b464f22db89cf7283272f155c1fa3d891,77468
tutorial/assets/cards/thumbs/S1-THF-018.webp,6a986423fad0e450d7482ee1a7ebe480a0cd7276e7137014df1025e12141463d,88172
tutorial/assets/cards/thumbs/S1-THF-019.webp,010ba14f42b1cccde355634684c762e2fb9aa8a6b0754ce5d8e00ebb1210f963,72628
tutorial/assets/cards/thumbs/S1-THF-020.webp,6e0deeee38542a35e2f404b752399e605602ae549e16c4644d5db6add895f227,71636
tutorial/assets/cards/thumbs/S1-THF-021.webp,faaf68f5743e15ae792a466076f086361198ac1440b5520078f486aff05cd912,72392
tutorial/assets/cards/thumbs/S1-THF-022.webp,2f31740460b1c72d2c22ce401e09a2b92974d547497a91a0a84dbbec2d8156e1,74170
tutorial/assets/cards/thumbs/S1-THF-023.webp,5abb5f17ad6cc1cfcf801f1abe621ff97cbc1285b2958663c7e4756bbd9a5b62,75418
tutorial/assets/cards/thumbs/S1-THF-024.webp,0c231b6f132d234f29c39c4ac6fe8ba37e8871c278c4f16f88d6b1af5aa5f9f3,71514
tutorial/assets/cards/thumbs/S1-THF-025.webp,f94723d78ff7c969e7793d2698d4f5aad98f0b5701c5c47b0d09d90dafc002d2,72546
tutorial/assets/cards/thumbs/S1-THF-026.webp,1f5cf9a55461f97362ea15f8c54800c1fa196709411e9f79aa70d4ed5104fe08,72512
tutorial/assets/cards/thumbs/S1-THF-027.webp,d9b05e3ceeea93be5026d7ff9dd50ae8cf2dee21148d14c911e38c58ebe3c030,67844
tutorial/assets/cards/thumbs/S1-THF-028.webp,da1532566ae19b3aecd8a4499b3778119848a8566251c99ad5eacfd62de42599,70844
tutorial/assets/cards/thumbs/S1-THF-029.webp,9b75f088597c3a5b337b466fb52dd22d873d1e79e63d39ade42beb3abfe35e2f,75234
tutorial/assets/cards/thumbs/S1-THF-030.webp,a4509d1175749f3914fae46b21a24461f5127a96768a4617ec476212d5af9b06,74364
tutorial/assets/cards/thumbs/S1-THF-H001.webp,fe5ff8467285c3658c7c90db39255046a03e5823a851d4f86877fb5487e31acc,68110
tutorial/assets/cards/thumbs/S1-THF-H002.webp,13dd69796d1ee777e8217cd839255a9bc2650afa89c0227667388097badc2860,80802
tutorial/assets/cards/thumbs/S1-THF-H003.webp,d83afadd7b3395fb8a0c226bb76e0459d3b3d86c212c7c78ce52a97f3c1028ae,87782
tutorial/assets/cards/thumbs/S1-THF-H004.webp,40bd97be124625a3faa4280efed884e637c0d5a201f41749e2dc960d8cf34f24,66138
tutorial/assets/cards/thumbs/S1-THF-H005.webp,210900632ad46db50a335d0ac0dc54914be8f5435cf5a19b2c2170ea3514c812,82604
tutorial/assets/cards/thumbs/S1-THF-H006.webp,ad7a2dda2f1330df1d1132bc1c3a1a0dd6bc7d6a3190c8da3d20942982185095,87104
tutorial/assets/cards/thumbs/S1-THF-L001.webp,f0fad8cc2d03ce301a446f9e5fd81b1488b6f830f628b1cb9dbca3463db63522,66364
tutorial/assets/cards/thumbs/S1-THF-L002.webp,14a4d0b1c88c426e6d2e517ba0e5fe751e2316a174cd24681afa047734a606df,70076
tutorial/assets/cards/thumbs/S1-WAR-001.webp,5341e3e1d6b03f4b56be31d54098b63621fa603d7aaf09352591d0ef3d90f925,57620
tutorial/assets/cards/thumbs/S1-WAR-002.webp,f2e8995e6b35c785a575e8a0e1db2795b8e2cd40474eda70dd3aa525ff29d9f5,61420
tutorial/assets/cards/thumbs/S1-WAR-003.webp,4105cdf933f40c326054fbd72cfedf199a929b3667aabf73394f569035418705,62836
tutorial/assets/cards/thumbs/S1-WAR-004.webp,a4d026ae68e8511390e4a9dcc6df5d03bf6de81d2436052e8056e04c4fd3c1b0,68704
tutorial/assets/cards/thumbs/S1-WAR-005.webp,e57b9f0f28ccb5fc726744c81bd5b1cd06bcadc8eaf4ca7feb8f06c21f1644b6,64170
tutorial/assets/cards/thumbs/S1-WAR-006.webp,be7f530dab6357c45e9fd29e7b1801405da86bc1631e26b82fc9624f5552e087,60704
tutorial/assets/cards/thumbs/S1-WAR-007.webp,42bf869987be0db6d8a5516c555fef6d6adbf5ec00504f01706b9a7c90a249d0,63276
tutorial/assets/cards/thumbs/S1-WAR-008.webp,38a459cea902a2a38deae090280147e35a34053bd51ae8a3d279a4e085d2715d,63674
tutorial/assets/cards/thumbs/S1-WAR-009.webp,821f2877143f4d6294153e94cadf10d8bd2615aa19a70edb5b7762d505485183,63566
tutorial/assets/cards/thumbs/S1-WAR-010.webp,0649a41e6b419efd9c3ecd1509e02a909496b7b78466dad3db7c00c02e23faeb,67620
tutorial/assets/cards/thumbs/S1-WAR-011.webp,29836325c34423d4a096fcda7ded443c45a8c664084a0c65f07244350f3c99d1,63112
tutorial/assets/cards/thumbs/S1-WAR-012.webp,59b34340e30e0ac5674e0df4491d988b6c978cf870d84267c3ac05b486162f3b,70980
tutorial/assets/cards/thumbs/S1-WAR-013.webp,e4fc19cf038f1a609faff0b2f82dda1a7b5edb3a986f1bd4c5125c6da5d8d218,65824
tutorial/assets/cards/thumbs/S1-WAR-014.webp,b7a4de19fd4e7270fcb7d609cbd10444be67e3482a7509251f7dcbf05cf67819,65726
tutorial/assets/cards/thumbs/S1-WAR-015.webp,9c9bd8b98453a8dc739f20e74a2d1657adb7e5ef795a8fbef0940ee95d77565c,74146
tutorial/assets/cards/thumbs/S1-WAR-016.webp,c992683cc3ba4838caea045dfad25a57159e2839f8ee1df78297114a94e921e9,69646
tutorial/assets/cards/thumbs/S1-WAR-017.webp,2b415e6cbbcc1d09f8b366d45f4d802796cfc8987e0a70cc0acd4add39b06a5f,69292
tutorial/assets/cards/thumbs/S1-WAR-018.webp,70626978f8fa54aa5452f70318edfadfb65e8b29c0b056c5d22128578863f3f2,78566
tutorial/assets/cards/thumbs/S1-WAR-019.webp,3f713ea707c4536bc2441621e7d682d1cc6c2a22d21ba16add7f03db935c5987,66460
tutorial/assets/cards/thumbs/S1-WAR-020.webp,5f6f1702f3043ca229334e043c427eba0450aa0432f07fb23d68ef88d48fa5b9,71236
tutorial/assets/cards/thumbs/S1-WAR-021.webp,656d09473181126c8c70925f34e923a51ee083aa8a71eab4f87b99181606c908,68676
tutorial/assets/cards/thumbs/S1-WAR-022.webp,fee215d31218b1322ad8efa090a06e10d5783f5f3ca9b174dd8264068bb503b3,74218
tutorial/assets/cards/thumbs/S1-WAR-023.webp,057da4880227cf934eed3d35348b1420e6436888948aec31986984d2f00dbf18,68536
tutorial/assets/cards/thumbs/S1-WAR-024.webp,0afa5b4bb9af6717c61dbb54419ef2d7bceb8d1c1c41ae12596e924ea3e9aa88,68880
tutorial/assets/cards/thumbs/S1-WAR-H001.webp,89d3c40b9f7ad7a47a638b8371d68156f51a991fd9eed9a5929e4978c55f208e,74164
tutorial/assets/cards/thumbs/S1-WAR-H002.webp,6706c737a6c8a2a53ce266e9d4ac629e56e5e0ca958b43fc03ba7c96d7768624,80376
tutorial/assets/cards/thumbs/S1-WAR-H003.webp,53855eecca77b3a81a6f46ca8e7932e4d4dba4372ee630f37b6f47344e15eafd,87514
tutorial/assets/cards/thumbs/S1-WAR-H004.webp,565779a9f44567232232f58b8fe717dc90c720458c33461defe4e641ca8e5b8b,78304
tutorial/assets/cards/thumbs/S1-WAR-H005.webp,5b783fed3d150fb8f3a35db60eaecdd68928c10f54e151aa8caabb8ed2d14d1e,88678
tutorial/assets/cards/thumbs/S1-WAR-H006.webp,e537a579f4270334bbbd90180f2972315ba3623419d6f1fd6b2a4894cfed243a,93724
tutorial/assets/cards/thumbs/S1-WAR-L001.webp,92aa1d8a88f7b5acf3b8838feea2882a9f839c1fa838d7a2c0538275dc15700f,60188
tutorial/assets/cards/thumbs/S1-WAR-L002.webp,4798fa285bb95e61819c7f1722bda2a4fd18e27ea2cacf0c0b7cf5d28cd4db00,65842
tutorial/assets/cards/ui/Back-of-Card-Legacy-Deck.webp,9c7d91fb5789493a951878aa26f45681d769f787c269a860f701a37ece018d28,25956
tutorial/assets/cards/ui/Back-of-Card-Main-Deck.webp,9add0915f7ca981dbf6b52aeaddeed43d9db9e2070c791507459d8e9b6995c8f,20678
tutorial/assets/cards/ui/Mana-Shard-Thumb.webp,d67530e1ec04053c53062741756f070e99a607af8a007b131d70083c9850faa6,31752
tutorial/assets/cards/ui/Racial-Token-Head.webp,57036f1998bda6b4de001e91ef6879036987ff901653209a92e653f511325112,27298
tutorial/assets/cards/ui/Racial-Token-Tail.webp,2c4947aa137ee15967c3f4342fe00179ff90dee5fe87d9162ca5d766896426c2,13620
tutorial/assets/counters/Counter-1.png,0163a05b27ab59f3a94cf379ccd5b61e69e9d0819fb3a56e79fc7e13e31a047a,322454
tutorial/assets/counters/Counter-2.png,ad7f17e7ffe9290df4ed06810b6bd80417133e56a14eaa9a14cf8db3310d6bb4,331027
tutorial/assets/counters/Counter-3.png,eef0182e7fe1824d0265d9e9419f2ea81ae594a374ba8ed3de56e9c1e90c21e3,325302
tutorial/assets/counters/Counter-4.png,0b3169cb24c2b0e50aa72c2883c0dd970467915d5b48d2a74c2bc65a9e450c6a,319404
tutorial/assets/counters/Counter-5.png,85f314ae9c68b8e05b27c08f89a9e208b12969e6cb113ef45acd2967928266de,329164
tutorial/assets/counters/Counter-6.png,9b45066100db47a512cea48d91f277899eff1a1b03a97524a634a7b7a438a4ae,324062
tutorial/assets/counters/Counter.png,721304ae162efb52a15ea70f7218390cab4cf022665c4a63349fbe8daa34b0cf,2316357
tutorial/assets/exp/Stack 100-200EXP.png,cadec62c02c8427f13e07490068b31de1f59643a220a5fa0540fd01a16e2250b,219538
tutorial/assets/favicon.png,ba3c77d7c9172a375ad23fb449ad44a1ff4d7dad53a56770f71e352cbc7cb03d,10391
tutorial/assets/Field.png,c50d530c7ad4b812b2b6bba3bbbd6d0f084a4f3e3a2ccee2a796168265d3fabe,28868
tutorial/assets/fonts/noto-sans/NotoSans-Italic-Variable.woff2,d1cd64b1d71e55d3548eacdda2235d5ce3b5c15bd8ff1b40a461442a7f819b57,1018368
tutorial/assets/fonts/noto-sans/NotoSans-Variable.woff2,4204916b05eabc58243435a9ddfef2a4b88b29c4547aac811c6818695eafcb11,888276
tutorial/assets/fonts/noto-sans/OFL.txt,e51d69f5e43cacd83ab6e5f3f1a47005380ae08b6d108d444be49e786d127458,4396
tutorial/assets/lobby/background.webp,487496dc5ac86b037002a196d17062da05ca925ea16253a0a9532e008bfe44b0,32642
tutorial/assets/lobby/grandis-legacy-logo.webp,c62604a77d5307612c10e47a5eba0337d01b4bb1bb801d97dc4fe844208de8d0,132856
tutorial/assets/mana-shards/Archer.webp,78b1165ba6cdfa20770e07d791af6ec1ea82fae04a94324f4acf3296c9e4c702,62554
tutorial/assets/mana-shards/Cleric.webp,f5b6b8f9cb99d3da6adb0de30393c6fcd899fe660af3a31c7ef42a70e6953de2,73402
tutorial/assets/mana-shards/Generic.webp,5bb2485e987b8895c5e2185ed78b162f2abde05b216ea6358db473d7fc389fef,63822
tutorial/assets/mana-shards/Mage.webp,9eb9ad3e34536574834b638c1582387baa142b47b7191488b2f28021b483015c,68020
tutorial/assets/mana-shards/Thief.webp,5e16ab253a6d3ea67a93163a763c4342b338875a30f6068c8e4916a254bc6bfc,57350
tutorial/assets/mana-shards/Warrior.webp,c8844db5a13963c0ca43541d72e0103355f3985965ea51e2d8b435bdc8946dc9,69952
tutorial/assets/status-icons/Icon-Bleed.png,d64592f80dc70c4a092ee20c22ea06537361d21b1ba3b1ddd35de58dad21aeb6,5756
tutorial/assets/status-icons/Icon-Burn.png,40a829720d86019ff33f3fb69bbf17fed7486eecf43cb96d0b199980e10c89db,6021
tutorial/assets/status-icons/Icon-Freeze.png,f5d0ace90bf961e229373a753bd6310b9e0b4bc9b541caca2ab52a33dba725f6,7995
tutorial/assets/status-icons/Icon-Poison.png,6f4c37f9ed50dbc978dc82e2490278c4529b7df735c3a2a55cec0df9d2306aec,9216
tutorial/assets/status-icons/Icon-Stun.png,5555889f55f6eb455c9d6ba2997b1aeae6895629618a0152ae07224aa362fa07,8695
tutorial/assets/tutorial/general-arvon-halfbody.webp,1e46f4cb10e37d0c88104e9d85d87bfd9ec518bf3da15aebc6b8a589d4c72414,439804
tutorial/css/app.css,5bd7d4393687c3c5c003e0e1bec39c4ce531b5503d2e68b52a2b532b193a57b0,319699
tutorial/css/lab-authority.css,a7ca9b1a80457ec8cd026154951abc23e702faed729f77c09e5dfdcadf912b5a,41874
tutorial/css/tutorial-guide.css,0ce3edab512c0f4bd58c4df1b84f8214ba151436c44b5b6aacbed2541d61bad8,18711
tutorial/data/config/active-runtime-source-stack.v1.91.json,725f98c75d1e66bf819b7bfb88b1c316b56c58995ba0c0c772f320cd6deb478c,853
tutorial/data/season1/card-preview.generated.v1.5.0.json,6e4b9e1858789d5949d4ffc026593f56d140cd27b6763645551687d8048bd44c,504791
tutorial/data/season1/cards.runtime.v0.15.0.json,8e198c60d067f70fe15a103259b0e479977710a76ddfadfc290a5acf040c50a8,3356885
tutorial/data/season1/effect-recipes.runtime.v0.14.0.json,b4e71199c1a0678dfcda0c6075618fa720944f29856e0a6018636e042eb4ae25,4790698
tutorial/data/season1/hero-components.runtime.v1.0.0.json,a83013797330e67b9afff60fa053946123e5f4aae65154dbbeb8cbc55374ed81,48223
tutorial/data/season1/legality-map.runtime.v1.5.0.json,cb2ec172077efe3a52f6fc4b89e0556215348b97d9b773e63a0997499e49f955,666885
tutorial/docs/GITHUB_COMMIT_SUMMARY_v0.31.txt,c5bca10b527cd8426424422747b2d6bdc4c6618eee468692b04f025b178d47b6,34
tutorial/docs/GITHUB_COMMIT_SUMMARY_v0.37.txt,1523c2319f57e760d7c943f0bcb01598a3ed7b6720b1242b941d89c71b291c32,45
tutorial/docs/QA_CHECKLIST_v0.31.md,98dc67f8731a4c0a3274bce41427861c4aaffa6ad976aab7870af346051ea7a5,1047
tutorial/docs/RELEASE_NOTE_v0.31.md,b0768282ab9549b1459153a2905c2852d4f9a34b0faf59f674759371cbecb44a,1300
tutorial/docs/RELEASE_NOTE_v0.34.md,b17e0ac73e2d61e6d2a6c99828578fc7f58a47cd6cc6a606fa454141d294e5ca,191
tutorial/docs/RELEASE_NOTE_v0.35.md,e9dcbf699e6751dcdd654d85e693375487a405d57c56cae5663fab363fc76946,538
tutorial/docs/RELEASE_NOTE_v0.37.md,49034a03308c2b515dec6767cba72fa2ae22b3a63df32dfd56c230e2e49a9a5a,358
tutorial/docs/RELEASE_NOTE_v0.39.md,fe149d699a05b7a6e93f0288329ff739cf4e12de12cfa49ade00676d66e2d852,1273
tutorial/docs/RELEASE_NOTE_v0.40.md,b70694271d70a376579e582d3a8ac28991248e2a62579214fdf2754ddb174df8,623
tutorial/docs/RELEASE_NOTE_v0.41.md,7ce046ce3f52b6f741047ad2f88d3a44d8085c58ad48a3b023fd66cce44a35c0,553
tutorial/docs/RELEASE_NOTE_v0.42.md,a191a9b37e8c3620bb571c897c95b380faf0e9050d8592643019b41acb25ed0d,516
tutorial/docs/RELEASE_NOTE_v0.43.md,b039131de199abc05b7ce994d5308501450e88d4f1d1c35744ec4ee727af1278,248
tutorial/docs/RELEASE_NOTE_v0.45.md,85731ee993bf678722a35001b850608d6b362711c93a12f94a8145f60d939075,156
tutorial/docs/TAKEOVER_NOTE_v0.31.txt,f5b1e746d9a81b8b614938f270104101e94b0767a05b4b8ce9b08dcb2ae71080,976
tutorial/FILE_MANIFEST_SHA256.csv,1102b9e1c4218434636194f56a4e0fa7ef42106166d4a80b63222745e665cd40,42507
tutorial/index.html,a0db02b068f9d2bf2aaf38fc8d1463b6a640278280cdf1e99f9e9d02fe0d7284,3307
tutorial/js/app.bundle.js,00b3b169c6282c9997e4e7eab9e1da4ebd5da85ad2947c808619e589c40b97ee,1382792
tutorial/js/playtest-source-delta.js,4ed7cd430c20453500beda47481d9939293641187d581bdddc2149cec00ec8bd,3198
tutorial/js/runtime-authority.js,294bed265e0f81eda97ea42e8e0b1d900934a9a5f8f5085131f3f4dd5e08c619,16161
tutorial/js/static-data.js,00fbef9d13562f0ca4a21fd34837a10538580ec60c815b2093a5e13c114920b7,11248408
tutorial/js/tutorial-guide.js,8854fc807ec64409170ee2ed130d71bc537ebb316626594c27e96d2ab63aea76,133843
tutorial/package.json,800f100551af0f59bee54d4afd9c8beaea239078858d5060cb8a407a95605255,1069
tutorial/README.md,2c9fc83e19306f530a6dbd395eb12793709a9ed62a5b3f5c9b9d15aa5afb6c5d,459
tutorial/runtime-source/data/config/active-runtime-source-stack.v1.89.json,ecf7c70ed697a33858046d585cc6bdc25cdc24d5d2c6dd7baacb5fda6d541f7e,768
tutorial/runtime-source/data/season1/card-preview.generated.v1.5.0.json,6e4b9e1858789d5949d4ffc026593f56d140cd27b6763645551687d8048bd44c,504791
tutorial/runtime-source/data/season1/cards.runtime.v0.15.0.json,8e198c60d067f70fe15a103259b0e479977710a76ddfadfc290a5acf040c50a8,3356885
tutorial/runtime-source/data/season1/effect-recipes.runtime.v0.14.0.json,b4e71199c1a0678dfcda0c6075618fa720944f29856e0a6018636e042eb4ae25,4790698
tutorial/runtime-source/data/season1/hero-components.runtime.v1.0.0.json,a83013797330e67b9afff60fa053946123e5f4aae65154dbbeb8cbc55374ed81,48223
tutorial/runtime-source/data/season1/legality-map.runtime.v1.5.0.json,cb2ec172077efe3a52f6fc4b89e0556215348b97d9b773e63a0997499e49f955,666885
tutorial/runtime-source/README.md,9f13661128aec26460b3f30d141025264b2559a284a6e26dacaa4d193d4da4fe,491
tutorial/runtime-source/runtime/adapters/local-ai-adapter.js,d0b5b4f9d39eb96dbe371d8bd87bd8e3c05d73d9ef4fa98cdb921fe2ec74c50d,440
tutorial/runtime-source/runtime/adapters/pvp-adapter.js,c7829916f6015345403c8e2ba0fbf5c0d818f6808f60f1fb3417a8b6dce3e88a,399
tutorial/runtime-source/runtime/browser/runtime-authority.browser.js,294bed265e0f81eda97ea42e8e0b1d900934a9a5f8f5085131f3f4dd5e08c619,16161
tutorial/runtime-source/runtime/contracts/intent-contract.js,50b812c2f53408ab1a059976b357e5ea3ff89903bba86e7464823d2f7d4411a9,1312
tutorial/runtime-source/runtime/contracts/pending-contract.js,c5a02252bc41bfad20bb4f959bfb932447c84605e174ce2109eae93597f39895,884
tutorial/runtime-source/runtime/contracts/runtime-api-contract.js,82117a34247ca6cecffb4f4fd67de6d0de23ab57623e94af9b9f3e3034483fbb,1246
tutorial/runtime-source/runtime/core/attachment-lifecycle-policy.js,16495a90dcb56f3d67fd65d520c027e69dc30cc086a9162bdf41d7232df30af7,2862
tutorial/runtime-source/runtime/core/card-instance-finalization-policy.js,d476411b02078658bfc2cd3029f983826aa87072a6c1f58d09f1b75314887d3e,992
tutorial/runtime-source/runtime/core/constants.js,25ffbddf9d6dbc6c9215c11c268244f43cb78941e982888695ccf478d3fc5669,1323
tutorial/runtime-source/runtime/core/deckout-policy.js,e4232f6a00decb0af264a61325f850a6a46130cd433c95941b6cfbf3f3d1d71d,869
tutorial/runtime-source/runtime/core/draw-policy.js,0334cf7f5eb02e3a9fea504e91e8e75823d283e53887b3eaf9dd67c81990af8e,2267
tutorial/runtime-source/runtime/core/event-log.js,b7ebef7477017b9b62277998922a78aa37e29ad83bafbb6ce9b73c2877079d95,2148
tutorial/runtime-source/runtime/core/exhaust-policy.js,9f7cf64d96e25143099d3e33b9d0d16d9b1dec3479b9595905a2d82cbca30877,1418
tutorial/runtime-source/runtime/core/heal-policy.js,d545e16d05941e15bbcc8bcd0dff3d4fdf8ce9617a2d5419eff0d7df8f1a32dd,1804
tutorial/runtime-source/runtime/core/index.js,f0733d1ca0f87c8477373aeb6548a560213a575b39fbb1ca589110a3fa87177a,1164
tutorial/runtime-source/runtime/core/legacy-defeat-policy.js,c2ed3920e750c487dfeee44a82358a3a40ccab1d7db62cd98ad493c94f9e9334,1518
tutorial/runtime-source/runtime/core/legacy-racial-taunt-policy.js,f3a0bc635701a4aa191a5a9364041c825483cfda61c8ccf68b9ca333240a2303,3732
tutorial/runtime-source/runtime/core/local-ai-integration-policy.js,8b563730a129a59e4d7fa5ca126bd215661f5c40a52943d4e615276e3e2bc958,2256
tutorial/runtime-source/runtime/core/mana-deck-policy.js,3eba6d359a5039dcfd6057e9705b49b51662e42e1561edfd628dc5ff3ab8bfc1,7092
tutorial/runtime-source/runtime/core/pending-close-policy.js,0ba0185d4f6badf319e699b08d6db24b87905f5f6a3504e990232b80d383b095,3104
tutorial/runtime-source/runtime/core/positioning-policy.js,172775cd0ad640c2719989929ed085c16f4a2c9f8562f12fe551590c841df7d0,2019
tutorial/runtime-source/runtime/core/reducer.js,6604efb24d39bbdff6f72d3f256bb60c2b8e6a1115d3eb33f070f7bf1a7dd15d,411261
tutorial/runtime-source/runtime/core/response-availability-policy.js,9da5d3bdfe4c6b16f53e1751b61e6430f2327c58a158fdd867bc6375e6cd8542,3238
tutorial/runtime-source/runtime/core/rules.js,4c46dba1facb39327e4d2eeb90bee7d68e2eb9294538e4bf3976f4395801cc97,4170
tutorial/runtime-source/runtime/core/source-sync-rules.js,24cd7024069e1bec58aeb9238ab6dd69dd5185da92f8734ae5bbfb52561511fa,29265
tutorial/runtime-source/runtime/core/swap-reposition-policy.js,0596b9bcde3899f74d82080cfc8e2df47cdd56db07e9f86e4b98630912411f0a,6887
tutorial/runtime-source/runtime/core/tribute-policy.js,ed21e87320fe09d348675cc59314f67fdffefe1966d0533163c0014d0b3b6410,1252
tutorial/runtime-source/runtime/core/triple-shot-policy.js,a58cfdc8b8aa36194eab8b0bc01206817822f55b28093c9e3f9d789b128f9bf8,1322
tutorial/runtime-source/runtime/data/hero-component-resolver.js,491682a354b5118a1ebb46ab607fa452b8a3f38226a874cf00a434725085ddff,1615
tutorial/runtime-source/runtime/data/one-source-loader.js,2836c8026e3a4887b55511775bb99a07109a498a0dc2c34f8637d3bc52046947,2871
tutorial/runtime-source/runtime/effects/conditional-follow-up.js,ae8d38442a3d11f2791e63bd318285011a995043b499f04715f53f79ed90f0a9,8782
tutorial/runtime-source/runtime/effects/effect-registry.js,d18de865b0af7b388ef664bcc9d0213e27db3d4c093c10e70cad5ff03b4ff0c5,2905
tutorial/runtime-source/runtime/effects/recipe-bucket-engine.js,0df3073cb018388cf8d566546293182a41c834693c4a6cf9cf34afb7e64ab84a,10339
tutorial/runtime-source/runtime/effects/recipe-dispatcher.js,b375ef4db791eb6a4f2dfac0f3adba3803bcdc66e40a19df425a2d5b1e9db105,3291
tutorial/runtime-source/runtime/engines/attachment-engine.js,115a32c957fdba85360c7b0b1f486e2a9b376e3710e7491f68699b2e2169976e,6045
tutorial/runtime-source/runtime/engines/attack-engine.js,b23a6404fad3f8187e1e89e2235f2b5c0c843c11f17c4f54465adc2a9557d3f1,1388
tutorial/runtime-source/runtime/engines/casting-engine.js,1274e4a4343c3252f6ec253cc074576dc6d4604fbd1b06bce84d1f744c0560ba,6319
tutorial/runtime-source/runtime/engines/damage-engine.js,208678ea4f006bdf5e3517735e35ec4015287f705f8afcc870d1c3eb296a0f17,990
tutorial/runtime-source/runtime/engines/def-engine.js,d2595c4d71ae5b67f965e0f2d2b591d49e1ce453597c423203fc918780fdfd66,1673
tutorial/runtime-source/runtime/engines/fixture-rules-engine.js,7984ee1c14453b0dd8c07bd23665093eb2807d266d1482d76609a55eef5cf540,4327
tutorial/runtime-source/runtime/engines/legacy-engine.js,7fffc69d78c20c0bf63b7dd6498a6df512318a7b8df3ce57b40c1c70495fee05,496
tutorial/runtime-source/runtime/engines/response-engine.js,62e3ac8569218332a423c5cb13a4a299c2901b978b56504ec8d17c0538f9b369,3153
tutorial/runtime-source/runtime/engines/status-engine.js,918ba190b1dd85fe403de180dcff507bc1a7406d2190b9eb0bba5a9377337060,1212
tutorial/runtime-source/runtime/index.js,3f97dbb645d726a35777c4227115c241adac91df2b88c102a607c234cf94f7a8,1380
tutorial/runtime-source/runtime/package.json,1d5171217b9c40bf5f145060faa6226fed0f5f192791e4e64dc09b4f927a9e11,247
tutorial/runtime-source/runtime/pvp/draw-review-runtime.mjs,a881125f805c619691939b87937f255f97313a4cba71750ece276b3a6548a72a,11403
tutorial/runtime-source/runtime/rankup/rankup-policy.js,1a5b36523ade616e09015f5409003130db52335b93b249d195444e2e0296c923,884
tutorial/runtime-source/runtime/schemas/card.schema.json,daeba71e0dbeb48217162038ab944a562bc8205d15000049a245e67f7791e88e,1372
tutorial/runtime-source/runtime/schemas/conditional-follow-up.schema.json,6ceb37d6af6f427ac7603cb0aa3faedb8456528d652b33930485d4b6f76ae88b,2454
tutorial/runtime-source/runtime/schemas/deck.schema.json,6040465ea9b5ad36e371b66e2513c20de7d46360efcb8e5cb0088e49879d9576,655
tutorial/runtime-source/runtime/schemas/effect-recipe.schema.json,bea57a0988f8afe40b9b87ba850f97f3ef0a25bb529c92998ecff5a39950bca1,684
tutorial/runtime-source/runtime/templates/card-database.example.json,4e2aefb95152155fc6f9722431c29be025e79efa0a3f9b5d5313740f22f69ad6,1574
tutorial/runtime-source/runtime/templates/card.schema.template.json,b407f3c13129a5a374e3369eb91c277175de55f894c4543a0d1fc5b7130b6192,1396
tutorial/runtime-source/runtime/templates/deck.schema.template.json,f11869a81058c1cce55eeae73d5a18fa3d182361ef567e1b22bac56a4891c46e,488
tutorial/runtime-source/runtime/templates/effect-recipe.template.json,1a7bed70d6d312eac39ba665fd26904823cf1cfe510bb3c19ef9497f225ed7a0,323
tutorial/runtime-source/runtime/tools/audit-assets.js,0998eeed4ef70b58ebfc0171a08b8e251c470fc621020092a1200f682443957e,1731
tutorial/runtime-source/runtime/tools/basic-schema-check.js,5c320dddb5557fb2b57f989ebc8102d6dd1a554936972577b9a770edc76abb2b,1328
tutorial/runtime-source/runtime/tools/convert-starter60-decks.js,227fa328df8af09889b2d1093432b5831108ea7b273b91c49b5e42bfea60d8a2,3676
tutorial/runtime-source/runtime/tools/generate-season1-coverage-matrix.js,f290a6fd2fff0e10d12bf4144164cceba22f8c5073a377ed362bdcc4c51233ec,3464
tutorial/runtime-source/runtime/tools/import-card-database.js,d997827127fb2d3caf86f3a71916b27fb492fab83f0b1a9ffef0208421b45604,2014
tutorial/runtime-source/runtime/tools/validate-card-database.js,8da0984bce3259401f26dd8931c0ec1bdb7304d236a642123447791baa97e9d8,10367
tutorial/runtime-source/runtime/tools/validate-effect-recipes.js,d44a6624d86752aaebbdadd3538ba5ec702d6df2b06bab2967aecf030f060371,3525
tutorial/runtime-source/runtime/validators/cost-validator.js,7f0a9ead3f175c33839796910da2b8ad14b5063bfefc429296402549b3caac5f,583
tutorial/runtime-source/runtime/validators/source-validator.js,44e3da80d664173b8ec86dc3ce333a21ec522bbd0549db57d80097c225b7fc8c,1242
tutorial/runtime-source/runtime/validators/target-validator.js,cab2bcad1d66931cb862a7de050cd971118a03fe970a83ae00d1d00c5de3d94b,2017
tutorial/runtime-source/runtime/validators/timing-validator.js,4318e180e87489f52c5327fe14a115e298e40ea162b0eabc800b31b34f1e54ed,416
tutorial/starter_deck_examples/Grandis_Legacy_Starter_Deck_Presets_v1.4_PvP.json,c06290eaab59e7c1ae7b256b7ac5385d520350cd4d9c1764a3c928224a300dfe,99480
tutorial/starter_deck_examples/starter_01_elemental_lord_conqueror_renegade_GL_DECK_1_0.json,4ad03554e4c96ad6f932c1d77f466bd92593cfcbd7fae2cf9a6fb4c102ccc1bc,17280
tutorial/starter_deck_examples/starter_02_saint_crusader_grand_ranger_GL_DECK_1_0.json,fdaa96b0a7c66b27ca3d30abacad7f8022ad7b80c9bde8e62d74977ac6da9558,17211
tutorial/starter_deck_examples/starter_03_renegade_arcane_duelist_elemental_lord_GL_DECK_1_0.json,821a0a96bcb90b2a67598b203aadc553eb01d5e0e75f2030c42be0d180e7060d,16556
tutorial/starter_deck_examples/starter_04_grand_ranger_conqueror_grand_arbalest_GL_DECK_1_0.json,767e67eb1d832e7b109bdc1b7ee0c92ca2390f2f0fdb7256b63d18a445864ba3,17274
tutorial/starter_deck_examples/starter_05_elemental_lord_arcane_duelist_saint_GL_DECK_1_0.json,15cc35a30a261fbf0c6f8d3c9e2023ff81ce22989da43a11a3e487611c6fbfaa,16277
tutorial/sync/tutorial-github-lock.v0.59.json,f1651d30539969a9080c3272f88265af059394dbe9359194ac1e9b4da499cc35,3064
tutorial/tests/run-arcane-duelist-legality.cjs,e53ff4b4bb14fd642fe98cd045b86f8b82a260a1ec052b5ef9a430556b7a66eb,1983
tutorial/tests/run-attachment-slot-parity.cjs,c1fb0046bbbddd9579914aacac2b4de5add648d0b776a518293374048b86bd94,1025
tutorial/tests/run-card-played-audit.cjs,bb4fe49a598639d6db1677e55f1715ea734afd787bdb7a43c2d25d507cb1e721,579
tutorial/tests/run-local-ai-application-effects.cjs,dd3190d6e44538255ed69c3182c7bd5e7277fa7778aaba209de06331e60c55a2,2052
tutorial/tests/run-manifest-verification.cjs,9e3e48e2006a4327f1d89c672e92f1330634e2369e59a8d77dc43509d767a3cb,2320
tutorial/tests/run-minor-ui-ai-fixes.cjs,2328f6f0c2fa8925ce56f50f2980d92254b64e50bba352a757b236e477d79eca,5856
tutorial/tests/run-non-normal-effect-coverage.cjs,b7d38c86c494469de889d00c9f6265fad8863e0d368a1ce38bb2f84df368f0fc,8147
tutorial/tests/run-opening-flow-test.cjs,fb7071bfa41dd009b02d997c106e1ae68369898507f8243354a3be396aa34063,4658
tutorial/tests/run-runtime-executable-flows.cjs,b27ec96f6868e905d551f9858268af88dcc2eed30f65c3d7b95b1f29591f78b6,7289
tutorial/tests/run-tactical-ai-planner.cjs,4990e0e0cd8b3406062c2d6d93b3ff8c532e562ffc8919c1d517775e3b4d14e2,1152
tutorial/tests/run-tutorial-github-v034.cjs,d22dde6025af45d717e3c81ae3ce00738cdedcd1a2ecc315a08fffe8c432ae44,8335
tutorial/tests/run-tutorial-github-v036.cjs,b51369deebe9dbb3878c904eb65e2f768db41ed3b7973469bad9db716d2f2cde,9309
tutorial/tests/run-tutorial-github-v041.cjs,673a7a52f02a6b541e21732823e0d161a944b0a74ce587b924087929ab6d1855,10439
tutorial/tests/run-tutorial-v059.cjs,e11f9ab1c4be8c4260f58eac21d270627e175177dc159794b6f3da37e7d99e86,5524
tutorial/tests/run-v536-fixes.cjs,184494f82b9783e33ddfaa594a017852786d5184440209697e0b7a1ec636ad7b,1666
tutorial/tests/run-v537-fixes.cjs,5230e65a7df10ee638702ae2bb6caab2d630790ac1a8a20151248e440d3ae0b5,1531
tutorial/tests/run-v538-ui.cjs,e9a2e718bea03cce85674279df335fc51154bbc1164b03f90a280615285d18cd,1146
tutorial/tests/run-v539-response-ui.cjs,b045b7b12e41847f2da95287afbe3f5692c10f26e9664a7142119f3706d98b26,1737
tutorial/tests/run-v540-mobile-ui.cjs,d095a3a550dfb183db80d2e18da9940235aff7e09876b06504a4a916bb66a0ef,1089
tutorial/tests/run-v542-mobile-ui.cjs,fb1fbf7f93a075b2843cb3395accda3528a2a1bf73e0b70f3ef92fb4a007e1f9,2021
tutorial/tests/run-v543-resource-ui.cjs,1243f288d594ee3ea6907dfa2303977a9ce1eae3b380d6c08ff4f87bd8d1621c,1405
tutorial/tests/run-v544-casting-ui.cjs,6cfd4004254fd4d850de8632a799645db7f00b6055ea9f5af24934070ee70979,1321
tutorial/tests/run-v545-final-fixes.cjs,60b2999236fe7e2b2b78b2f2bed0fb3143c32e3f394643e27da75ba3a5089771,1788
tutorial/tests/run-v546-fixes.cjs,69484fd94ee1a25b436a165c1ac1689260f34c6703c805d6102d64d6b3f1ba6e,2022
tutorial/tests/run-v547-mobile-visual-regression.cjs,8182371a3523900d1e47e163d8baec4789d3f94549e04f839c61a62cb56e6d6b,2433
tutorial/tests/run-v548-mobile-legacy-controls.cjs,3891b492d9bedc4d173187626d69f1c36620977a30d697beac124fb261fa1f17,1548
tutorial/tests/run-v549-ai-lobby-font-mobile.cjs,f3309cb201f9c67aaa3f31c0f1b5494820a81595e41cfee825c3bcb236840e92,1559
tutorial/tests/run-v550-ai-lobby-corrections.cjs,8a250296faa8d1e4404c3b8cb06521731d5580620199919c3f267f2c8d20dc9b,2757
tutorial/tests/run-v551-lobby-and-defeat-cleanup.cjs,910447c9be7e955e6adeef67b1c2c3d760e51bd9877ba3d1ef7d5a9900747c84,1517
tutorial/tests/run-v552-source-adoption.cjs,abb0dec91a0c208683479532c679569c73a03d8dd8d78aa7e623749e2ef583c9,1521
tutorial/tests/vm-local-ai-harness.cjs,c1ca049ef65360a853ca888145333274484e5a16be1cc49fbf4cca1e7098b849,2201
